image_id,label
color\yellow\sub_image_2_100_0_2.jpg,0
color\yellow\sub_image_2_16_1_2.jpg,0
color\yellow\sub_image_2_17_0_1.jpg,0
color\yellow\sub_image_2_28_1_0.jpg,0
color\yellow\sub_image_2_28_2_0.jpg,0
color\yellow\sub_image_2_30_0_0.jpg,0
color\yellow\sub_image_2_31_1_1.jpg,0
color\yellow\sub_image_2_31_1_2.jpg,0
color\yellow\sub_image_2_32_1_2.jpg,0
color\yellow\sub_image_2_32_2_0.jpg,0
color\yellow\sub_image_2_33_2_2.jpg,0
color\yellow\sub_image_2_34_2_2.jpg,0
color\yellow\sub_image_2_36_0_1.jpg,0
color\yellow\sub_image_2_36_2_2.jpg,0
color\yellow\sub_image_2_37_0_1.jpg,0
color\yellow\sub_image_2_37_1_1.jpg,0
color\yellow\sub_image_2_39_0_0.jpg,0
color\yellow\sub_image_2_39_1_2.jpg,0
color\yellow\sub_image_2_3_1_0.jpg,0
color\yellow\sub_image_2_40_0_0.jpg,0
color\yellow\sub_image_2_40_2_2.jpg,0
color\yellow\sub_image_2_42_0_1.jpg,0
color\yellow\sub_image_2_42_2_2.jpg,0
color\yellow\sub_image_2_44_1_0.jpg,0
color\yellow\sub_image_2_44_1_1.jpg,0
color\yellow\sub_image_2_44_1_2.jpg,0
color\yellow\sub_image_2_45_0_0.jpg,0
color\yellow\sub_image_2_45_2_1.jpg,0
color\yellow\sub_image_2_47_0_2.jpg,0
color\yellow\sub_image_2_47_2_0.jpg,0
color\yellow\sub_image_2_48_0_2.jpg,0
color\yellow\sub_image_2_48_2_1.jpg,0
color\yellow\sub_image_2_49_0_2.jpg,0
color\yellow\sub_image_2_49_2_1.jpg,0
color\yellow\sub_image_2_50_0_2.jpg,0
color\yellow\sub_image_2_50_2_1.jpg,0
color\yellow\sub_image_2_51_1_0.jpg,0
color\yellow\sub_image_2_51_1_1.jpg,0
color\yellow\sub_image_2_51_1_2.jpg,0
color\yellow\sub_image_2_54_0_0.jpg,0
color\yellow\sub_image_2_54_2_2.jpg,0
color\yellow\sub_image_2_55_1_0.jpg,0
color\yellow\sub_image_2_55_2_2.jpg,0
color\yellow\sub_image_2_56_0_1.jpg,0
color\yellow\sub_image_2_56_1_1.jpg,0
color\yellow\sub_image_2_56_2_1.jpg,0
color\yellow\sub_image_2_58_1_2.jpg,0
color\yellow\sub_image_2_58_2_0.jpg,0
color\yellow\sub_image_2_60_1_0.jpg,0
color\yellow\sub_image_2_61_0_0.jpg,0
color\yellow\sub_image_2_61_0_2.jpg,0
color\yellow\sub_image_2_62_0_0.jpg,0
color\yellow\sub_image_2_62_1_1.jpg,0
color\yellow\sub_image_2_63_0_1.jpg,0
color\yellow\sub_image_2_63_1_0.jpg,0
color\yellow\sub_image_2_64_1_2.jpg,0
color\yellow\sub_image_2_65_2_0.jpg,0
color\yellow\sub_image_2_65_2_2.jpg,0
color\yellow\sub_image_2_66_1_2.jpg,0
color\yellow\sub_image_2_67_1_1.jpg,0
color\yellow\sub_image_2_67_2_0.jpg,0
color\yellow\sub_image_2_69_1_0.jpg,0
color\yellow\sub_image_2_70_1_2.jpg,0
color\yellow\sub_image_2_70_2_1.jpg,0
color\yellow\sub_image_2_71_1_0.jpg,0
color\yellow\sub_image_2_72_0_0.jpg,0
color\yellow\sub_image_2_72_0_2.jpg,0
color\yellow\sub_image_2_73_0_0.jpg,0
color\yellow\sub_image_2_73_1_1.jpg,0
color\yellow\sub_image_2_74_0_1.jpg,0
color\yellow\sub_image_2_75_0_0.jpg,0
color\yellow\sub_image_2_76_2_0.jpg,0
color\yellow\sub_image_2_76_2_2.jpg,0
color\yellow\sub_image_2_77_1_2.jpg,0
color\yellow\sub_image_2_78_0_1.jpg,0
color\yellow\sub_image_2_78_1_0.jpg,0
color\yellow\sub_image_2_80_0_2.jpg,0
color\yellow\sub_image_2_81_0_0.jpg,0
color\yellow\sub_image_2_81_2_0.jpg,0
color\yellow\sub_image_2_82_2_1.jpg,0
color\yellow\sub_image_2_83_0_1.jpg,0
color\yellow\sub_image_2_83_1_2.jpg,0
color\yellow\sub_image_2_84_0_2.jpg,0
color\yellow\sub_image_2_84_1_1.jpg,0
color\yellow\sub_image_2_85_0_2.jpg,0
color\yellow\sub_image_2_85_2_2.jpg,0
color\yellow\sub_image_2_86_2_0.jpg,0
color\yellow\sub_image_2_87_2_1.jpg,0
color\yellow\sub_image_2_88_0_0.jpg,0
color\yellow\sub_image_2_88_1_1.jpg,0
color\yellow\sub_image_2_89_0_1.jpg,0
color\yellow\sub_image_2_91_0_0.jpg,0
color\yellow\sub_image_2_92_2_0.jpg,0
color\yellow\sub_image_2_92_2_2.jpg,0
color\yellow\sub_image_2_93_1_2.jpg,0
color\yellow\sub_image_2_94_0_1.jpg,0
color\yellow\sub_image_2_94_1_0.jpg,0
color\yellow\sub_image_2_95_0_1.jpg,0
color\yellow\sub_image_2_96_1_0.jpg,0
color\yellow\sub_image_2_98_0_1.jpg,0
color\yellow\sub_image_2_98_1_0.jpg,0
color\yellow\sub_image_2_98_1_2.jpg,0
color\yellow\sub_image_2_98_2_0.jpg,0
color\yellow\sub_image_2_98_2_2.jpg,0
color\yellow\sub_image_2_99_1_1.jpg,0
color\yellow\sub_image_3_100_0_1.jpg,0
color\yellow\sub_image_3_100_0_2.jpg,0
color\yellow\sub_image_3_100_2_0.jpg,0
color\yellow\sub_image_3_10_0_1.jpg,0
color\yellow\sub_image_3_11_0_1.jpg,0
color\yellow\sub_image_3_12_0_1.jpg,0
color\yellow\sub_image_3_14_0_1.jpg,0
color\yellow\sub_image_3_15_0_1.jpg,0
color\yellow\sub_image_3_16_2_2.jpg,0
color\yellow\sub_image_3_17_2_2.jpg,0
color\yellow\sub_image_3_18_2_2.jpg,0
color\yellow\sub_image_3_1_0_1.jpg,0
color\yellow\sub_image_3_21_1_1.jpg,0
color\yellow\sub_image_3_22_1_1.jpg,0
color\yellow\sub_image_3_23_1_1.jpg,0
color\yellow\sub_image_3_25_0_2.jpg,0
color\yellow\sub_image_3_26_0_2.jpg,0
color\yellow\sub_image_3_27_0_2.jpg,0
color\yellow\sub_image_3_28_1_0.jpg,0
color\yellow\sub_image_3_29_1_0.jpg,0
color\yellow\sub_image_3_2_1_1.jpg,0
color\yellow\sub_image_3_30_1_0.jpg,0
color\yellow\sub_image_3_32_0_1.jpg,0
color\yellow\sub_image_3_32_1_2.jpg,0
color\yellow\sub_image_3_33_0_1.jpg,0
color\yellow\sub_image_3_33_1_2.jpg,0
color\yellow\sub_image_3_37_0_0.jpg,0
color\yellow\sub_image_3_37_1_0.jpg,0
color\yellow\sub_image_3_37_2_2.jpg,0
color\yellow\sub_image_3_38_0_0.jpg,0
color\yellow\sub_image_3_38_1_0.jpg,0
color\yellow\sub_image_3_38_2_2.jpg,0
color\yellow\sub_image_3_39_1_1.jpg,0
color\yellow\sub_image_3_39_2_2.jpg,0
color\yellow\sub_image_3_40_1_1.jpg,0
color\yellow\sub_image_3_40_2_2.jpg,0
color\yellow\sub_image_3_41_0_1.jpg,0
color\yellow\sub_image_3_41_1_2.jpg,0
color\yellow\sub_image_3_42_0_1.jpg,0
color\yellow\sub_image_3_42_1_2.jpg,0
color\yellow\sub_image_3_43_0_0.jpg,0
color\yellow\sub_image_3_43_1_0.jpg,0
color\yellow\sub_image_3_43_2_2.jpg,0
color\yellow\sub_image_3_44_0_0.jpg,0
color\yellow\sub_image_3_44_1_0.jpg,0
color\yellow\sub_image_3_44_2_2.jpg,0
color\yellow\sub_image_3_45_1_1.jpg,0
color\yellow\sub_image_3_45_2_2.jpg,0
color\yellow\sub_image_3_47_1_1.jpg,0
color\yellow\sub_image_3_47_2_2.jpg,0
color\yellow\sub_image_3_48_0_1.jpg,0
color\yellow\sub_image_3_48_1_2.jpg,0
color\yellow\sub_image_3_49_0_1.jpg,0
color\yellow\sub_image_3_49_1_2.jpg,0
color\yellow\sub_image_3_4_1_1.jpg,0
color\yellow\sub_image_3_50_0_0.jpg,0
color\yellow\sub_image_3_50_1_2.jpg,0
color\yellow\sub_image_3_50_2_2.jpg,0
color\yellow\sub_image_3_51_0_0.jpg,0
color\yellow\sub_image_3_51_1_2.jpg,0
color\yellow\sub_image_3_51_2_2.jpg,0
color\yellow\sub_image_3_52_0_0.jpg,0
color\yellow\sub_image_3_52_1_2.jpg,0
color\yellow\sub_image_3_52_2_2.jpg,0
color\yellow\sub_image_3_55_1_1.jpg,0
color\yellow\sub_image_3_55_2_2.jpg,0
color\yellow\sub_image_3_56_1_2.jpg,0
color\yellow\sub_image_3_56_2_1.jpg,0
color\yellow\sub_image_3_58_1_2.jpg,0
color\yellow\sub_image_3_58_2_1.jpg,0
color\yellow\sub_image_3_59_1_2.jpg,0
color\yellow\sub_image_3_59_2_1.jpg,0
color\yellow\sub_image_3_5_2_2.jpg,0
color\yellow\sub_image_3_60_1_2.jpg,0
color\yellow\sub_image_3_60_2_1.jpg,0
color\yellow\sub_image_3_61_1_2.jpg,0
color\yellow\sub_image_3_61_2_1.jpg,0
color\yellow\sub_image_3_64_0_2.jpg,0
color\yellow\sub_image_3_64_2_0.jpg,0
color\yellow\sub_image_3_64_2_1.jpg,0
color\yellow\sub_image_3_65_0_2.jpg,0
color\yellow\sub_image_3_65_2_0.jpg,0
color\yellow\sub_image_3_65_2_1.jpg,0
color\yellow\sub_image_3_66_1_2.jpg,0
color\yellow\sub_image_3_66_2_2.jpg,0
color\yellow\sub_image_3_67_1_2.jpg,0
color\yellow\sub_image_3_67_2_2.jpg,0
color\yellow\sub_image_3_68_1_1.jpg,0
color\yellow\sub_image_3_69_1_2.jpg,0
color\yellow\sub_image_3_69_2_1.jpg,0
color\yellow\sub_image_3_6_2_2.jpg,0
color\yellow\sub_image_3_70_1_2.jpg,0
color\yellow\sub_image_3_70_2_1.jpg,0
color\yellow\sub_image_3_72_0_2.jpg,0
color\yellow\sub_image_3_72_2_0.jpg,0
color\yellow\sub_image_3_72_2_1.jpg,0
color\yellow\sub_image_3_73_1_2.jpg,0
color\yellow\sub_image_3_73_2_2.jpg,0
color\yellow\sub_image_3_74_1_2.jpg,0
color\yellow\sub_image_3_74_2_1.jpg,0
color\yellow\sub_image_3_76_0_2.jpg,0
color\yellow\sub_image_3_76_2_0.jpg,0
color\yellow\sub_image_3_76_2_1.jpg,0
color\yellow\sub_image_3_78_0_1.jpg,0
color\yellow\sub_image_3_78_1_0.jpg,0
color\yellow\sub_image_3_79_1_1.jpg,0
color\yellow\sub_image_3_7_2_2.jpg,0
color\yellow\sub_image_3_80_0_1.jpg,0
color\yellow\sub_image_3_80_1_0.jpg,0
color\yellow\sub_image_3_81_0_2.jpg,0
color\yellow\sub_image_3_81_1_1.jpg,0
color\yellow\sub_image_3_82_0_2.jpg,0
color\yellow\sub_image_3_82_1_1.jpg,0
color\yellow\sub_image_3_83_0_2.jpg,0
color\yellow\sub_image_3_83_2_0.jpg,0
color\yellow\sub_image_3_83_2_1.jpg,0
color\yellow\sub_image_3_85_0_1.jpg,0
color\yellow\sub_image_3_85_1_0.jpg,0
color\yellow\sub_image_3_86_0_1.jpg,0
color\yellow\sub_image_3_86_1_0.jpg,0
color\yellow\sub_image_3_87_0_2.jpg,0
color\yellow\sub_image_3_87_1_1.jpg,0
color\yellow\sub_image_3_88_0_1.jpg,0
color\yellow\sub_image_3_88_0_2.jpg,0
color\yellow\sub_image_3_8_2_2.jpg,0
color\yellow\sub_image_3_90_1_1.jpg,0
color\yellow\sub_image_3_95_0_0.jpg,0
color\yellow\sub_image_3_95_1_0.jpg,0
color\yellow\sub_image_3_96_0_0.jpg,0
color\yellow\sub_image_3_96_1_0.jpg,0
color\yellow\sub_image_3_97_0_0.jpg,0
color\yellow\sub_image_3_97_1_0.jpg,0
color\yellow\sub_image_3_98_0_1.jpg,0
color\yellow\sub_image_3_98_0_2.jpg,0
color\yellow\sub_image_3_98_2_0.jpg,0
color\yellow\sub_image_3_99_0_1.jpg,0
color\yellow\sub_image_3_99_0_2.jpg,0
color\yellow\sub_image_3_99_2_0.jpg,0
color\yellow\sub_image_3_9_2_2.jpg,0
color\yellow\yellow_0.jpg,0
color\yellow\yellow_1.jpg,0
color\yellow\yellow_10.jpg,0
color\yellow\yellow_100.jpg,0
color\yellow\yellow_102.jpg,0
color\yellow\yellow_105.jpg,0
color\yellow\yellow_106.jpg,0
color\yellow\yellow_107.jpg,0
color\yellow\yellow_109.jpg,0
color\yellow\yellow_110.jpg,0
color\yellow\yellow_114.jpg,0
color\yellow\yellow_115.jpg,0
color\yellow\yellow_116.jpg,0
color\yellow\yellow_119.jpg,0
color\yellow\yellow_120.jpg,0
color\yellow\yellow_121.jpg,0
color\yellow\yellow_123.jpg,0
color\yellow\yellow_124.jpg,0
color\yellow\yellow_13.jpg,0
color\yellow\yellow_130.jpg,0
color\yellow\yellow_138.jpg,0
color\yellow\yellow_139.jpg,0
color\yellow\yellow_14.jpg,0
color\yellow\yellow_140.jpg,0
color\yellow\yellow_143.jpg,0
color\yellow\yellow_144.jpg,0
color\yellow\yellow_145.jpg,0
color\yellow\yellow_146.jpg,0
color\yellow\yellow_147.jpg,0
color\yellow\yellow_148.jpg,0
color\yellow\yellow_149.jpg,0
color\yellow\yellow_15.jpg,0
color\yellow\yellow_155.jpg,0
color\yellow\yellow_156.jpg,0
color\yellow\yellow_157.jpg,0
color\yellow\yellow_158.jpg,0
color\yellow\yellow_159.jpg,0
color\yellow\yellow_16.jpg,0
color\yellow\yellow_160.jpg,0
color\yellow\yellow_161.jpg,0
color\yellow\yellow_163.jpg,0
color\yellow\yellow_164.jpg,0
color\yellow\yellow_165.jpg,0
color\yellow\yellow_166.jpg,0
color\yellow\yellow_167.jpg,0
color\yellow\yellow_168.jpg,0
color\yellow\yellow_169.jpg,0
color\yellow\yellow_17.jpg,0
color\yellow\yellow_170.jpg,0
color\yellow\yellow_171.jpg,0
color\yellow\yellow_172.jpg,0
color\yellow\yellow_173.jpg,0
color\yellow\yellow_174.jpg,0
color\yellow\yellow_175.jpg,0
color\yellow\yellow_176.jpg,0
color\yellow\yellow_177.jpg,0
color\yellow\yellow_178.jpg,0
color\yellow\yellow_179.jpg,0
color\yellow\yellow_18.jpg,0
color\yellow\yellow_183.jpg,0
color\yellow\yellow_184.jpg,0
color\yellow\yellow_185.jpg,0
color\yellow\yellow_186.jpg,0
color\yellow\yellow_187.jpg,0
color\yellow\yellow_188.jpg,0
color\yellow\yellow_19.jpg,0
color\yellow\yellow_190.jpg,0
color\yellow\yellow_191.jpg,0
color\yellow\yellow_192.jpg,0
color\yellow\yellow_193.jpg,0
color\yellow\yellow_194.jpg,0
color\yellow\yellow_195.jpg,0
color\yellow\yellow_196.jpg,0
color\yellow\yellow_197.jpg,0
color\yellow\yellow_198.jpg,0
color\yellow\yellow_199.jpg,0
color\yellow\yellow_2.jpg,0
color\yellow\yellow_201.jpg,0
color\yellow\yellow_202.jpg,0
color\yellow\yellow_203.jpg,0
color\yellow\yellow_204.jpg,0
color\yellow\yellow_205.jpg,0
color\yellow\yellow_206.jpg,0
color\yellow\yellow_207.jpg,0
color\yellow\yellow_208.jpg,0
color\yellow\yellow_209.jpg,0
color\yellow\yellow_21.jpg,0
color\yellow\yellow_210.jpg,0
color\yellow\yellow_211.jpg,0
color\yellow\yellow_212.jpg,0
color\yellow\yellow_213.jpg,0
color\yellow\yellow_214.jpg,0
color\yellow\yellow_215.jpg,0
color\yellow\yellow_216.jpg,0
color\yellow\yellow_217.jpg,0
color\yellow\yellow_218.jpg,0
color\yellow\yellow_219.jpg,0
color\yellow\yellow_22.jpg,0
color\yellow\yellow_220.jpg,0
color\yellow\yellow_221.jpg,0
color\yellow\yellow_222.jpg,0
color\yellow\yellow_223.jpg,0
color\yellow\yellow_224.jpg,0
color\yellow\yellow_226.jpg,0
color\yellow\yellow_227.jpg,0
color\yellow\yellow_229.jpg,0
color\yellow\yellow_23.jpg,0
color\yellow\yellow_230.jpg,0
color\yellow\yellow_231.jpg,0
color\yellow\yellow_232.jpg,0
color\yellow\yellow_233.jpg,0
color\yellow\yellow_234.jpg,0
color\yellow\yellow_235.jpg,0
color\yellow\yellow_236.jpg,0
color\yellow\yellow_237.jpg,0
color\yellow\yellow_238.jpg,0
color\yellow\yellow_239.jpg,0
color\yellow\yellow_24.jpg,0
color\yellow\yellow_240.jpg,0
color\yellow\yellow_241.jpg,0
color\yellow\yellow_242.jpg,0
color\yellow\yellow_243.jpg,0
color\yellow\yellow_244.jpg,0
color\yellow\yellow_245.jpg,0
color\yellow\yellow_246.jpg,0
color\yellow\yellow_247.jpg,0
color\yellow\yellow_248.jpg,0
color\yellow\yellow_249.jpg,0
color\yellow\yellow_25.jpg,0
color\yellow\yellow_250.jpg,0
color\yellow\yellow_251.jpg,0
color\yellow\yellow_252.jpg,0
color\yellow\yellow_253.jpg,0
color\yellow\yellow_254.jpg,0
color\yellow\yellow_255.jpg,0
color\yellow\yellow_256.jpg,0
color\yellow\yellow_257.jpg,0
color\yellow\yellow_26.jpg,0
color\yellow\yellow_263.jpg,0
color\yellow\yellow_264.jpg,0
color\yellow\yellow_265.jpg,0
color\yellow\yellow_267.jpg,0
color\yellow\yellow_268.jpg,0
color\yellow\yellow_269.jpg,0
color\yellow\yellow_27.jpg,0
color\yellow\yellow_270.jpg,0
color\yellow\yellow_271.jpg,0
color\yellow\yellow_272.jpg,0
color\yellow\yellow_273.jpg,0
color\yellow\yellow_274.jpg,0
color\yellow\yellow_275.jpg,0
color\yellow\yellow_276.jpg,0
color\yellow\yellow_277.jpg,0
color\yellow\yellow_278.jpg,0
color\yellow\yellow_279.jpg,0
color\yellow\yellow_28.jpg,0
color\yellow\yellow_280.jpg,0
color\yellow\yellow_282.jpg,0
color\yellow\yellow_286.jpg,0
color\yellow\yellow_287.jpg,0
color\yellow\yellow_288.jpg,0
color\yellow\yellow_289.jpg,0
color\yellow\yellow_29.jpg,0
color\yellow\yellow_290.jpg,0
color\yellow\yellow_291.jpg,0
color\yellow\yellow_293.jpg,0
color\yellow\yellow_294.jpg,0
color\yellow\yellow_295.jpg,0
color\yellow\yellow_296.jpg,0
color\yellow\yellow_297.jpg,0
color\yellow\yellow_298.jpg,0
color\yellow\yellow_299.jpg,0
color\yellow\yellow_30.jpg,0
color\yellow\yellow_300.jpg,0
color\yellow\yellow_301.jpg,0
color\yellow\yellow_302.jpg,0
color\yellow\yellow_303.jpg,0
color\yellow\yellow_304.jpg,0
color\yellow\yellow_305.jpg,0
color\yellow\yellow_306.jpg,0
color\yellow\yellow_307.jpg,0
color\yellow\yellow_308.jpg,0
color\yellow\yellow_309.jpg,0
color\yellow\yellow_31.jpg,0
color\yellow\yellow_310.jpg,0
color\yellow\yellow_313.jpg,0
color\yellow\yellow_314.jpg,0
color\yellow\yellow_315.jpg,0
color\yellow\yellow_316.jpg,0
color\yellow\yellow_317.jpg,0
color\yellow\yellow_318.jpg,0
color\yellow\yellow_319.jpg,0
color\yellow\yellow_32.jpg,0
color\yellow\yellow_320.jpg,0
color\yellow\yellow_321.jpg,0
color\yellow\yellow_322.jpg,0
color\yellow\yellow_323.jpg,0
color\yellow\yellow_324.jpg,0
color\yellow\yellow_325.jpg,0
color\yellow\yellow_326.jpg,0
color\yellow\yellow_327.jpg,0
color\yellow\yellow_33.jpg,0
color\yellow\yellow_331.jpg,0
color\yellow\yellow_332.jpg,0
color\yellow\yellow_333.jpg,0
color\yellow\yellow_334.jpg,0
color\yellow\yellow_335.jpg,0
color\yellow\yellow_336.jpg,0
color\yellow\yellow_337.jpg,0
color\yellow\yellow_338.jpg,0
color\yellow\yellow_34.jpg,0
color\yellow\yellow_35.jpg,0
color\yellow\yellow_36.jpg,0
color\yellow\yellow_37.jpg,0
color\yellow\yellow_38.jpg,0
color\yellow\yellow_39.jpg,0
color\yellow\yellow_4.jpg,0
color\yellow\yellow_40.jpg,0
color\yellow\yellow_41.jpg,0
color\yellow\yellow_42.jpg,0
color\yellow\yellow_43.jpg,0
color\yellow\yellow_44.jpg,0
color\yellow\yellow_45.jpg,0
color\yellow\yellow_46.jpg,0
color\yellow\yellow_47.jpg,0
color\yellow\yellow_48.jpg,0
color\yellow\yellow_5.jpg,0
color\yellow\yellow_50.jpg,0
color\yellow\yellow_51.jpg,0
color\yellow\yellow_52.jpg,0
color\yellow\yellow_53.jpg,0
color\yellow\yellow_54.jpg,0
color\yellow\yellow_55.jpg,0
color\yellow\yellow_56.jpg,0
color\yellow\yellow_57.jpg,0
color\yellow\yellow_60.jpg,0
color\yellow\yellow_61.jpg,0
color\yellow\yellow_62.jpg,0
color\yellow\yellow_63.jpg,0
color\yellow\yellow_64.jpg,0
color\yellow\yellow_65.jpg,0
color\yellow\yellow_69.jpg,0
color\yellow\yellow_70.jpg,0
color\yellow\yellow_71.jpg,0
color\yellow\yellow_72.jpg,0
color\yellow\yellow_73.jpg,0
color\yellow\yellow_74.jpg,0
color\yellow\yellow_75.jpg,0
color\yellow\yellow_77.jpg,0
color\yellow\yellow_78.jpg,0
color\yellow\yellow_79.jpg,0
color\yellow\yellow_80.jpg,0
color\yellow\yellow_81.jpg,0
color\yellow\yellow_82.jpg,0
color\yellow\yellow_83.jpg,0
color\yellow\yellow_85.jpg,0
color\yellow\yellow_86.jpg,0
color\yellow\yellow_87.jpg,0
color\yellow\yellow_88.jpg,0
color\yellow\yellow_89.jpg,0
color\yellow\yellow_9.jpg,0
color\yellow\yellow_90.jpg,0
color\yellow\yellow_91.jpg,0
color\yellow\yellow_92.jpg,0
color\yellow\yellow_93.jpg,0
color\yellow\yellow_94.jpg,0
color\yellow\yellow_95.jpg,0
color\yellow\yellow_96.jpg,0
color\yellow\yellow_97.jpg,0
color\yellow\yellow_98.jpg,0
color\yellow\yellow_99.jpg,0
color\blue\blue_0.jpg,1
color\blue\blue_1.jpg,1
color\blue\blue_10.jpg,1
color\blue\blue_102.jpg,1
color\blue\blue_103.jpg,1
color\blue\blue_104.jpg,1
color\blue\blue_11.jpg,1
color\blue\blue_118.jpg,1
color\blue\blue_12.jpg,1
color\blue\blue_13.jpg,1
color\blue\blue_14.jpg,1
color\blue\blue_149.jpg,1
color\blue\blue_15.jpg,1
color\blue\blue_150.jpg,1
color\blue\blue_151.jpg,1
color\blue\blue_152.jpg,1
color\blue\blue_153.jpg,1
color\blue\blue_154.jpg,1
color\blue\blue_155.jpg,1
color\blue\blue_157.jpg,1
color\blue\blue_158.jpg,1
color\blue\blue_159.jpg,1
color\blue\blue_16.jpg,1
color\blue\blue_160.jpg,1
color\blue\blue_161.jpg,1
color\blue\blue_162.jpg,1
color\blue\blue_163.jpg,1
color\blue\blue_164.jpg,1
color\blue\blue_166.jpg,1
color\blue\blue_167.jpg,1
color\blue\blue_168.jpg,1
color\blue\blue_17.jpg,1
color\blue\blue_170.jpg,1
color\blue\blue_173.jpg,1
color\blue\blue_176.jpg,1
color\blue\blue_177.jpg,1
color\blue\blue_178.jpg,1
color\blue\blue_179.jpg,1
color\blue\blue_180.jpg,1
color\blue\blue_181.jpg,1
color\blue\blue_182.jpg,1
color\blue\blue_183.jpg,1
color\blue\blue_184.jpg,1
color\blue\blue_185.jpg,1
color\blue\blue_186.jpg,1
color\blue\blue_187.jpg,1
color\blue\blue_188.jpg,1
color\blue\blue_189.jpg,1
color\blue\blue_190.jpg,1
color\blue\blue_191.jpg,1
color\blue\blue_192.jpg,1
color\blue\blue_193.jpg,1
color\blue\blue_194.jpg,1
color\blue\blue_195.jpg,1
color\blue\blue_196.jpg,1
color\blue\blue_199.jpg,1
color\blue\blue_200.jpg,1
color\blue\blue_201.jpg,1
color\blue\blue_202.jpg,1
color\blue\blue_207.jpg,1
color\blue\blue_208.jpg,1
color\blue\blue_209.jpg,1
color\blue\blue_210.jpg,1
color\blue\blue_211.jpg,1
color\blue\blue_212.jpg,1
color\blue\blue_213.jpg,1
color\blue\blue_214.jpg,1
color\blue\blue_215.jpg,1
color\blue\blue_216.jpg,1
color\blue\blue_219.jpg,1
color\blue\blue_220.jpg,1
color\blue\blue_221.jpg,1
color\blue\blue_224.jpg,1
color\blue\blue_227.jpg,1
color\blue\blue_230.jpg,1
color\blue\blue_231.jpg,1
color\blue\blue_232.jpg,1
color\blue\blue_233.jpg,1
color\blue\blue_239.jpg,1
color\blue\blue_24.jpg,1
color\blue\blue_240.jpg,1
color\blue\blue_241.jpg,1
color\blue\blue_242.jpg,1
color\blue\blue_243.jpg,1
color\blue\blue_244.jpg,1
color\blue\blue_245.jpg,1
color\blue\blue_246.jpg,1
color\blue\blue_247.jpg,1
color\blue\blue_248.jpg,1
color\blue\blue_249.jpg,1
color\blue\blue_25.jpg,1
color\blue\blue_250.jpg,1
color\blue\blue_251.jpg,1
color\blue\blue_252.jpg,1
color\blue\blue_253.jpg,1
color\blue\blue_254.jpg,1
color\blue\blue_255.jpg,1
color\blue\blue_26.jpg,1
color\blue\blue_260.jpg,1
color\blue\blue_261.jpg,1
color\blue\blue_262.jpg,1
color\blue\blue_267.jpg,1
color\blue\blue_268.jpg,1
color\blue\blue_269.jpg,1
color\blue\blue_27.jpg,1
color\blue\blue_270.jpg,1
color\blue\blue_271.jpg,1
color\blue\blue_272.jpg,1
color\blue\blue_273.jpg,1
color\blue\blue_274.jpg,1
color\blue\blue_275.jpg,1
color\blue\blue_276.jpg,1
color\blue\blue_278.jpg,1
color\blue\blue_279.jpg,1
color\blue\blue_280.jpg,1
color\blue\blue_281.jpg,1
color\blue\blue_282.jpg,1
color\blue\blue_283.jpg,1
color\blue\blue_284.jpg,1
color\blue\blue_285.jpg,1
color\blue\blue_286.jpg,1
color\blue\blue_287.jpg,1
color\blue\blue_30.jpg,1
color\blue\blue_31.jpg,1
color\blue\blue_32.jpg,1
color\blue\blue_35.jpg,1
color\blue\blue_36.jpg,1
color\blue\blue_4.jpg,1
color\blue\blue_43.jpg,1
color\blue\blue_44.jpg,1
color\blue\blue_45.jpg,1
color\blue\blue_49.jpg,1
color\blue\blue_5.jpg,1
color\blue\blue_50.jpg,1
color\blue\blue_51.jpg,1
color\blue\blue_52.jpg,1
color\blue\blue_53.jpg,1
color\blue\blue_54.jpg,1
color\blue\blue_55.jpg,1
color\blue\blue_56.jpg,1
color\blue\blue_57.jpg,1
color\blue\blue_58.jpg,1
color\blue\blue_59.jpg,1
color\blue\blue_6.jpg,1
color\blue\blue_62.jpg,1
color\blue\blue_63.jpg,1
color\blue\blue_64.jpg,1
color\blue\blue_65.jpg,1
color\blue\blue_66.jpg,1
color\blue\blue_67.jpg,1
color\blue\blue_68.jpg,1
color\blue\blue_69.jpg,1
color\blue\blue_7.jpg,1
color\blue\blue_70.jpg,1
color\blue\blue_71.jpg,1
color\blue\blue_72.jpg,1
color\blue\blue_73.jpg,1
color\blue\blue_74.jpg,1
color\blue\blue_8.jpg,1
color\blue\blue_9.jpg,1
color\blue\sub_image_2_16_2_1.jpg,1
color\blue\sub_image_2_17_0_2.jpg,1
color\blue\sub_image_2_17_1_1.jpg,1
color\blue\sub_image_2_17_2_0.jpg,1
color\blue\sub_image_2_28_0_0.jpg,1
color\blue\sub_image_2_28_0_2.jpg,1
color\blue\sub_image_2_28_1_1.jpg,1
color\blue\sub_image_2_28_1_2.jpg,1
color\blue\sub_image_2_30_2_0.jpg,1
color\blue\sub_image_2_33_0_0.jpg,1
color\blue\sub_image_2_33_1_0.jpg,1
color\blue\sub_image_2_33_1_2.jpg,1
color\blue\sub_image_2_33_2_1.jpg,1
color\blue\sub_image_2_34_0_2.jpg,1
color\blue\sub_image_2_38_1_1.jpg,1
color\blue\sub_image_2_38_1_2.jpg,1
color\blue\sub_image_2_39_0_2.jpg,1
color\blue\sub_image_2_3_2_1.jpg,1
color\blue\sub_image_2_40_0_2.jpg,1
color\blue\sub_image_2_40_1_0.jpg,1
color\blue\sub_image_2_40_1_2.jpg,1
color\blue\sub_image_2_40_2_1.jpg,1
color\blue\sub_image_2_41_0_2.jpg,1
color\blue\sub_image_2_41_2_0.jpg,1
color\blue\sub_image_2_43_1_0.jpg,1
color\blue\sub_image_2_43_1_1.jpg,1
color\blue\sub_image_2_47_0_1.jpg,1
color\blue\sub_image_2_47_1_0.jpg,1
color\blue\sub_image_2_47_2_1.jpg,1
color\blue\sub_image_2_47_2_2.jpg,1
color\blue\sub_image_2_48_2_2.jpg,1
color\blue\sub_image_2_49_2_2.jpg,1
color\blue\sub_image_2_50_2_2.jpg,1
color\blue\sub_image_2_52_1_1.jpg,1
color\blue\sub_image_2_52_1_2.jpg,1
color\blue\sub_image_2_53_0_2.jpg,1
color\blue\sub_image_2_53_2_0.jpg,1
color\blue\sub_image_2_54_0_1.jpg,1
color\blue\sub_image_2_54_1_0.jpg,1
color\blue\sub_image_2_54_1_2.jpg,1
color\blue\sub_image_2_54_2_0.jpg,1
color\blue\sub_image_2_55_2_0.jpg,1
color\blue\sub_image_2_59_0_0.jpg,1
color\blue\sub_image_2_59_2_2.jpg,1
color\blue\sub_image_2_60_1_1.jpg,1
color\blue\sub_image_2_60_1_2.jpg,1
color\blue\sub_image_2_62_0_2.jpg,1
color\blue\sub_image_2_64_0_1.jpg,1
color\blue\sub_image_2_64_0_2.jpg,1
color\blue\sub_image_2_66_1_0.jpg,1
color\blue\sub_image_2_66_1_1.jpg,1
color\blue\sub_image_2_67_0_0.jpg,1
color\blue\sub_image_2_69_2_0.jpg,1
color\blue\sub_image_2_69_2_1.jpg,1
color\blue\sub_image_2_71_1_1.jpg,1
color\blue\sub_image_2_71_1_2.jpg,1
color\blue\sub_image_2_73_0_2.jpg,1
color\blue\sub_image_2_74_0_0.jpg,1
color\blue\sub_image_2_74_1_0.jpg,1
color\blue\sub_image_2_75_0_2.jpg,1
color\blue\sub_image_2_75_1_0.jpg,1
color\blue\sub_image_2_75_1_2.jpg,1
color\blue\sub_image_2_75_2_2.jpg,1
color\blue\sub_image_2_77_1_0 - Copy.jpg,1
color\blue\sub_image_2_77_1_0.jpg,1
color\blue\sub_image_2_77_1_1.jpg,1
color\blue\sub_image_2_80_0_1.jpg,1
color\blue\sub_image_2_80_2_0 - Copy.jpg,1
color\blue\sub_image_2_80_2_0.jpg,1
color\blue\sub_image_2_80_2_1 - Copy.jpg,1
color\blue\sub_image_2_80_2_1.jpg,1
color\blue\sub_image_2_80_2_2 - Copy.jpg,1
color\blue\sub_image_2_80_2_2.jpg,1
color\blue\sub_image_2_82_1_2 - Copy.jpg,1
color\blue\sub_image_2_82_1_2.jpg,1
color\blue\sub_image_2_82_2_2 - Copy.jpg,1
color\blue\sub_image_2_82_2_2.jpg,1
color\blue\sub_image_2_84_2_2.jpg,1
color\blue\sub_image_2_86_0_0.jpg,1
color\blue\sub_image_2_86_0_1.jpg,1
color\blue\sub_image_2_86_0_2.jpg,1
color\blue\sub_image_2_86_2_1.jpg,1
color\blue\sub_image_2_87_0_1.jpg,1
color\blue\sub_image_2_87_1_1.jpg,1
color\blue\sub_image_2_88_0_2.jpg,1
color\blue\sub_image_2_89_0_0.jpg,1
color\blue\sub_image_2_89_1_0.jpg,1
color\blue\sub_image_2_91_0_2.jpg,1
color\blue\sub_image_2_91_1_0.jpg,1
color\blue\sub_image_2_91_1_2.jpg,1
color\blue\sub_image_2_91_2_2.jpg,1
color\blue\sub_image_2_93_1_0.jpg,1
color\blue\sub_image_2_93_1_1.jpg,1
color\blue\sub_image_2_95_1_0.jpg,1
color\blue\sub_image_2_96_2_1.jpg,1
color\blue\sub_image_2_97_0_0.jpg,1
color\blue\sub_image_2_97_0_1.jpg,1
color\blue\sub_image_2_97_0_2.jpg,1
color\blue\sub_image_2_97_1_0.jpg,1
color\blue\sub_image_2_97_1_1.jpg,1
color\blue\sub_image_2_98_0_2.jpg,1
color\blue\sub_image_3_100_1_0.jpg,1
color\blue\sub_image_3_10_1_0.jpg,1
color\blue\sub_image_3_11_1_0.jpg,1
color\blue\sub_image_3_12_1_0.jpg,1
color\blue\sub_image_3_13_0_1.jpg,1
color\blue\sub_image_3_13_0_2.jpg,1
color\blue\sub_image_3_13_1_1.jpg,1
color\blue\sub_image_3_13_1_2.jpg,1
color\blue\sub_image_3_13_2_2.jpg,1
color\blue\sub_image_3_14_1_0.jpg,1
color\blue\sub_image_3_15_1_0.jpg,1
color\blue\sub_image_3_19_0_0.jpg,1
color\blue\sub_image_3_19_0_1.jpg,1
color\blue\sub_image_3_19_0_2.jpg,1
color\blue\sub_image_3_19_1_0 - Copy.jpg,1
color\blue\sub_image_3_19_1_0.jpg,1
color\blue\sub_image_3_19_1_1 - Copy.jpg,1
color\blue\sub_image_3_19_1_1.jpg,1
color\blue\sub_image_3_1_1_0.jpg,1
color\blue\sub_image_3_20_0_0 - Copy.jpg,1
color\blue\sub_image_3_20_0_0.jpg,1
color\blue\sub_image_3_20_0_1 - Copy.jpg,1
color\blue\sub_image_3_20_0_1.jpg,1
color\blue\sub_image_3_20_0_2 - Copy.jpg,1
color\blue\sub_image_3_20_0_2.jpg,1
color\blue\sub_image_3_20_1_0.jpg,1
color\blue\sub_image_3_20_1_1.jpg,1
color\blue\sub_image_3_24_0_1.jpg,1
color\blue\sub_image_3_24_0_2.jpg,1
color\blue\sub_image_3_24_1_1 - Copy.jpg,1
color\blue\sub_image_3_24_1_1.jpg,1
color\blue\sub_image_3_24_1_2.jpg,1
color\blue\sub_image_3_24_2_2.jpg,1
color\blue\sub_image_3_25_1_0.jpg,1
color\blue\sub_image_3_25_2_2.jpg,1
color\blue\sub_image_3_26_1_0.jpg,1
color\blue\sub_image_3_26_2_2.jpg,1
color\blue\sub_image_3_27_1_0 - Copy.jpg,1
color\blue\sub_image_3_27_1_0.jpg,1
color\blue\sub_image_3_27_2_2.jpg,1
color\blue\sub_image_3_28_2_1.jpg,1
color\blue\sub_image_3_29_2_1.jpg,1
color\blue\sub_image_3_30_2_1 - Copy.jpg,1
color\blue\sub_image_3_30_2_1.jpg,1
color\blue\sub_image_3_31_0_1.jpg,1
color\blue\sub_image_3_31_0_2.jpg,1
color\blue\sub_image_3_31_1_1.jpg,1
color\blue\sub_image_3_32_0_2.jpg,1
color\blue\sub_image_3_32_2_0.jpg,1
color\blue\sub_image_3_33_0_2.jpg,1
color\blue\sub_image_3_33_2_0.jpg,1
color\blue\sub_image_3_34_1_0.jpg,1
color\blue\sub_image_3_35_0_1.jpg,1
color\blue\sub_image_3_35_0_2.jpg,1
color\blue\sub_image_3_35_1_1.jpg,1
color\blue\sub_image_3_35_1_2.jpg,1
color\blue\sub_image_3_35_2_2.jpg,1
color\blue\sub_image_3_36_1_0.jpg,1
color\blue\sub_image_3_37_2_1.jpg,1
color\blue\sub_image_3_38_2_1.jpg,1
color\blue\sub_image_3_39_0_0.jpg,1
color\blue\sub_image_3_39_0_1.jpg,1
color\blue\sub_image_3_3_0_0.jpg,1
color\blue\sub_image_3_3_1_0.jpg,1
color\blue\sub_image_3_3_1_1.jpg,1
color\blue\sub_image_3_40_0_0.jpg,1
color\blue\sub_image_3_40_0_1.jpg,1
color\blue\sub_image_3_41_0_2.jpg,1
color\blue\sub_image_3_41_2_0.jpg,1
color\blue\sub_image_3_42_0_2.jpg,1
color\blue\sub_image_3_42_2_0.jpg,1
color\blue\sub_image_3_43_2_1.jpg,1
color\blue\sub_image_3_44_2_1.jpg,1
color\blue\sub_image_3_45_0_0.jpg,1
color\blue\sub_image_3_45_0_1.jpg,1
color\blue\sub_image_3_46_0_1.jpg,1
color\blue\sub_image_3_46_0_2.jpg,1
color\blue\sub_image_3_46_1_1.jpg,1
color\blue\sub_image_3_46_1_2.jpg,1
color\blue\sub_image_3_46_2_2.jpg,1
color\blue\sub_image_3_47_0_0.jpg,1
color\blue\sub_image_3_47_0_1.jpg,1
color\blue\sub_image_3_48_0_2.jpg,1
color\blue\sub_image_3_48_2_0.jpg,1
color\blue\sub_image_3_49_0_2.jpg,1
color\blue\sub_image_3_49_2_0.jpg,1
color\blue\sub_image_3_50_0_1.jpg,1
color\blue\sub_image_3_51_0_1.jpg,1
color\blue\sub_image_3_52_0_1.jpg,1
color\blue\sub_image_3_53_0_0.jpg,1
color\blue\sub_image_3_53_1_0.jpg,1
color\blue\sub_image_3_53_1_1.jpg,1
color\blue\sub_image_3_54_0_0.jpg,1
color\blue\sub_image_3_54_1_0.jpg,1
color\blue\sub_image_3_54_1_1.jpg,1
color\blue\sub_image_3_55_0_0.jpg,1
color\blue\sub_image_3_55_0_1.jpg,1
color\blue\sub_image_3_56_0_0.jpg,1
color\blue\sub_image_3_56_2_2.jpg,1
color\blue\sub_image_3_57_0_1.jpg,1
color\blue\sub_image_3_57_0_2.jpg,1
color\blue\sub_image_3_57_1_1.jpg,1
color\blue\sub_image_3_57_1_2.jpg,1
color\blue\sub_image_3_57_2_2.jpg,1
color\blue\sub_image_3_58_0_0.jpg,1
color\blue\sub_image_3_58_2_2.jpg,1
color\blue\sub_image_3_59_0_0.jpg,1
color\blue\sub_image_3_59_2_2.jpg,1
color\blue\sub_image_3_5_0_1.jpg,1
color\blue\sub_image_3_5_2_0.jpg,1
color\blue\sub_image_3_60_0_0.jpg,1
color\blue\sub_image_3_60_2_2.jpg,1
color\blue\sub_image_3_61_0_0.jpg,1
color\blue\sub_image_3_61_2_2.jpg,1
color\blue\sub_image_3_62_1_1.jpg,1
color\blue\sub_image_3_62_1_2.jpg,1
color\blue\sub_image_3_62_2_2.jpg,1
color\blue\sub_image_3_63_1_1.jpg,1
color\blue\sub_image_3_63_1_2.jpg,1
color\blue\sub_image_3_63_2_2.jpg,1
color\blue\sub_image_3_64_1_2.jpg,1
color\blue\sub_image_3_65_1_2.jpg,1
color\blue\sub_image_3_69_0_0.jpg,1
color\blue\sub_image_3_69_2_2.jpg,1
color\blue\sub_image_3_6_0_1.jpg,1
color\blue\sub_image_3_6_2_0.jpg,1
color\blue\sub_image_3_70_0_0.jpg,1
color\blue\sub_image_3_70_2_2.jpg,1
color\blue\sub_image_3_71_1_1.jpg,1
color\blue\sub_image_3_71_1_2.jpg,1
color\blue\sub_image_3_71_2_2.jpg,1
color\blue\sub_image_3_72_1_2.jpg,1
color\blue\sub_image_3_74_0_0.jpg,1
color\blue\sub_image_3_74_2_2.jpg,1
color\blue\sub_image_3_75_1_1.jpg,1
color\blue\sub_image_3_75_1_2.jpg,1
color\blue\sub_image_3_75_2_2.jpg,1
color\blue\sub_image_3_76_1_2.jpg,1
color\blue\sub_image_3_77_2_1.jpg,1
color\blue\sub_image_3_78_0_0.jpg,1
color\blue\sub_image_3_78_2_2.jpg,1
color\blue\sub_image_3_7_0_1.jpg,1
color\blue\sub_image_3_7_2_0.jpg,1
color\blue\sub_image_3_80_0_0.jpg,1
color\blue\sub_image_3_80_2_2.jpg,1
color\blue\sub_image_3_81_1_0.jpg,1
color\blue\sub_image_3_81_2_0.jpg,1
color\blue\sub_image_3_82_1_0.jpg,1
color\blue\sub_image_3_82_2_0.jpg,1
color\blue\sub_image_3_83_1_2.jpg,1
color\blue\sub_image_3_84_2_1.jpg,1
color\blue\sub_image_3_85_0_0.jpg,1
color\blue\sub_image_3_85_2_2.jpg,1
color\blue\sub_image_3_86_0_0.jpg,1
color\blue\sub_image_3_86_2_2.jpg,1
color\blue\sub_image_3_87_1_0.jpg,1
color\blue\sub_image_3_87_2_0.jpg,1
color\blue\sub_image_3_89_0_1.jpg,1
color\blue\sub_image_3_8_0_1.jpg,1
color\blue\sub_image_3_8_2_0.jpg,1
color\blue\sub_image_3_91_1_0.jpg,1
color\blue\sub_image_3_92_1_0.jpg,1
color\blue\sub_image_3_93_1_0.jpg,1
color\blue\sub_image_3_94_1_0.jpg,1
color\blue\sub_image_3_98_1_0.jpg,1
color\blue\sub_image_3_99_1_0.jpg,1
color\blue\sub_image_3_9_0_1.jpg,1
color\blue\sub_image_3_9_2_0.jpg,1
color\red\red_113.jpg,2
color\red\red_137.jpg,2
color\red\red_139.jpg,2
color\red\red_191.jpg,2
color\red\red_212.jpg,2
color\red\red_213.jpg,2
color\red\red_214.jpg,2
color\red\red_231.jpg,2
color\red\red_232.jpg,2
color\red\red_235.jpg,2
color\red\red_239.jpg,2
color\red\red_241.jpg,2
color\red\red_243.jpg,2
color\red\red_245.jpg,2
color\red\red_253.jpg,2
color\red\red_254.jpg,2
color\red\red_257.jpg,2
color\red\red_259.jpg,2
color\red\red_261.jpg,2
color\red\red_263.jpg,2
color\red\red_264.jpg,2
color\red\red_265.jpg,2
color\red\red_268.jpg,2
color\red\red_272.jpg,2
color\red\red_275.jpg,2
color\red\red_276.jpg,2
color\red\red_277.jpg,2
color\red\red_278.jpg,2
color\red\red_280.jpg,2
color\red\red_282.jpg,2
color\red\red_283.jpg,2
color\red\red_286.jpg,2
color\red\red_289.jpg,2
color\red\red_290.jpg,2
color\red\red_291.jpg,2
color\red\red_292.jpg,2
color\red\red_293.jpg,2
color\red\red_298.jpg,2
color\red\red_299.jpg,2
color\red\red_301.jpg,2
color\red\red_302.jpg,2
color\red\red_303.jpg,2
color\red\red_304.jpg,2
color\red\red_307.jpg,2
color\red\red_311.jpg,2
color\red\red_312.jpg,2
color\red\red_313.jpg,2
color\red\red_316.jpg,2
color\red\red_317.jpg,2
color\red\red_319.jpg,2
color\red\red_322.jpg,2
color\red\red_324.jpg,2
color\red\red_325.jpg,2
color\red\red_326.jpg,2
color\red\red_327.jpg,2
color\red\red_329.jpg,2
color\red\red_330.jpg,2
color\red\red_331.jpg,2
color\red\red_333.jpg,2
color\red\red_334.jpg,2
color\red\red_336.jpg,2
color\red\red_338.jpg,2
color\red\red_339.jpg,2
color\red\red_340.jpg,2
color\red\red_341.jpg,2
color\red\red_342.jpg,2
color\red\red_343.jpg,2
color\red\red_346.jpg,2
color\red\red_348.jpg,2
color\red\red_349.jpg,2
color\red\red_350.jpg,2
color\red\red_351.jpg,2
color\red\red_353.jpg,2
color\red\red_382.jpg,2
color\red\red_389.jpg,2
color\red\red_390.jpg,2
color\red\red_391.jpg,2
color\red\red_406.jpg,2
color\red\red_421.jpg,2
color\red\red_437.jpg,2
color\red\red_442.jpg,2
color\red\red_443.jpg,2
color\red\red_444.jpg,2
color\red\red_63.jpg,2
color\red\red_64.jpg,2
color\red\red_80.jpg,2
color\red\red_81.jpg,2
color\red\red_83.jpg,2
color\red\red_84.jpg,2
color\red\red_94.jpg,2
color\red\red_96.jpg,2
color\red\red_97.jpg,2
color\red\sub_image_2_100_0_0.jpg,2
color\red\sub_image_2_16_0_1.jpg,2
color\red\sub_image_2_16_1_0.jpg,2
color\red\sub_image_2_16_2_0.jpg,2
color\red\sub_image_2_17_0_0.jpg,2
color\red\sub_image_2_28_2_2.jpg,2
color\red\sub_image_2_30_1_0.jpg,2
color\red\sub_image_2_30_1_1.jpg,2
color\red\sub_image_2_30_1_2.jpg,2
color\red\sub_image_2_31_0_2.jpg,2
color\red\sub_image_2_31_2_2.jpg,2
color\red\sub_image_2_32_0_1.jpg,2
color\red\sub_image_2_32_0_2.jpg,2
color\red\sub_image_2_32_1_0.jpg,2
color\red\sub_image_2_34_1_0.jpg,2
color\red\sub_image_2_34_1_1.jpg,2
color\red\sub_image_2_34_1_2.jpg,2
color\red\sub_image_2_36_0_0.jpg,2
color\red\sub_image_2_36_1_0.jpg,2
color\red\sub_image_2_36_2_1.jpg,2
color\red\sub_image_2_37_0_0.jpg,2
color\red\sub_image_2_37_0_2.jpg,2
color\red\sub_image_2_38_2_2.jpg,2
color\red\sub_image_2_3_0_0.jpg,2
color\red\sub_image_2_40_0_1.jpg,2
color\red\sub_image_2_41_1_0.jpg,2
color\red\sub_image_2_41_1_1.jpg,2
color\red\sub_image_2_41_1_2.jpg,2
color\red\sub_image_2_41_2_1.jpg,2
color\red\sub_image_2_41_2_2.jpg,2
color\red\sub_image_2_43_0_0.jpg,2
color\red\sub_image_2_44_0_2.jpg,2
color\red\sub_image_2_47_1_2.jpg,2
color\red\sub_image_2_51_0_0.jpg,2
color\red\sub_image_2_51_2_0.jpg,2
color\red\sub_image_2_52_2_2.jpg,2
color\red\sub_image_2_53_0_0.jpg,2
color\red\sub_image_2_53_0_1.jpg,2
color\red\sub_image_2_53_1_0.jpg,2
color\red\sub_image_2_53_1_1.jpg,2
color\red\sub_image_2_53_1_2.jpg,2
color\red\sub_image_2_54_2_1.jpg,2
color\red\sub_image_2_56_0_0.jpg,2
color\red\sub_image_2_56_0_2.jpg,2
color\red\sub_image_2_59_0_1.jpg,2
color\red\sub_image_2_59_1_0.jpg,2
color\red\sub_image_2_59_1_1.jpg,2
color\red\sub_image_2_59_2_0.jpg,2
color\red\sub_image_2_59_2_1.jpg,2
color\red\sub_image_2_60_0_0.jpg,2
color\red\sub_image_2_60_2_1.jpg,2
color\red\sub_image_2_60_2_2.jpg,2
color\red\sub_image_2_62_2_1.jpg,2
color\red\sub_image_2_62_2_2.jpg,2
color\red\sub_image_2_63_1_1.jpg,2
color\red\sub_image_2_63_2_1.jpg,2
color\red\sub_image_2_63_2_2.jpg,2
color\red\sub_image_2_66_0_0.jpg,2
color\red\sub_image_2_66_0_1.jpg,2
color\red\sub_image_2_66_2_2.jpg,2
color\red\sub_image_2_67_0_2.jpg,2
color\red\sub_image_2_67_1_2.jpg,2
color\red\sub_image_2_70_0_0.jpg,2
color\red\sub_image_2_70_0_1.jpg,2
color\red\sub_image_2_70_1_1.jpg,2
color\red\sub_image_2_71_0_0.jpg,2
color\red\sub_image_2_71_2_1.jpg,2
color\red\sub_image_2_71_2_2.jpg,2
color\red\sub_image_2_73_2_1.jpg,2
color\red\sub_image_2_73_2_2.jpg,2
color\red\sub_image_2_75_0_1.jpg,2
color\red\sub_image_2_77_0_0.jpg,2
color\red\sub_image_2_77_0_1.jpg,2
color\red\sub_image_2_77_2_2.jpg,2
color\red\sub_image_2_78_1_1.jpg,2
color\red\sub_image_2_78_2_1.jpg,2
color\red\sub_image_2_78_2_2.jpg,2
color\red\sub_image_2_80_1_2.jpg,2
color\red\sub_image_2_83_1_0.jpg,2
color\red\sub_image_2_83_1_1.jpg,2
color\red\sub_image_2_83_2_0.jpg,2
color\red\sub_image_2_84_1_0.jpg,2
color\red\sub_image_2_84_2_0.jpg,2
color\red\sub_image_2_86_1_0.jpg,2
color\red\sub_image_2_87_0_2.jpg,2
color\red\sub_image_2_87_1_2.jpg,2
color\red\sub_image_2_87_2_0.jpg,2
color\red\sub_image_2_88_2_1.jpg,2
color\red\sub_image_2_88_2_2.jpg,2
color\red\sub_image_2_91_0_1.jpg,2
color\red\sub_image_2_93_0_0.jpg,2
color\red\sub_image_2_93_0_1.jpg,2
color\red\sub_image_2_93_2_2.jpg,2
color\red\sub_image_2_94_1_1.jpg,2
color\red\sub_image_2_94_2_1.jpg,2
color\red\sub_image_2_94_2_2.jpg,2
color\red\sub_image_2_95_0_2.jpg,2
color\red\sub_image_2_96_0_0.jpg,2
color\red\sub_image_2_97_2_2.jpg,2
color\red\sub_image_2_98_1_1.jpg,2
color\red\sub_image_2_98_2_1.jpg,2
color\red\sub_image_2_99_0_2.jpg,2
color\red\sub_image_2_99_1_0.jpg,2
color\red\sub_image_2_99_1_2.jpg,2
color\red\sub_image_2_99_2_1.jpg,2
color\red\sub_image_3_10_0_2.jpg,2
color\red\sub_image_3_11_0_2.jpg,2
color\red\sub_image_3_12_0_2.jpg,2
color\red\sub_image_3_14_0_2.jpg,2
color\red\sub_image_3_15_0_2.jpg,2
color\red\sub_image_3_16_0_2.jpg,2
color\red\sub_image_3_17_0_2.jpg,2
color\red\sub_image_3_18_0_2.jpg,2
color\red\sub_image_3_19_2_2.jpg,2
color\red\sub_image_3_1_0_2.jpg,2
color\red\sub_image_3_20_2_2.jpg,2
color\red\sub_image_3_21_0_0.jpg,2
color\red\sub_image_3_21_0_1.jpg,2
color\red\sub_image_3_21_1_2.jpg,2
color\red\sub_image_3_21_2_1.jpg,2
color\red\sub_image_3_22_0_0.jpg,2
color\red\sub_image_3_22_0_1.jpg,2
color\red\sub_image_3_22_1_2.jpg,2
color\red\sub_image_3_22_2_1.jpg,2
color\red\sub_image_3_23_0_0.jpg,2
color\red\sub_image_3_23_0_1.jpg,2
color\red\sub_image_3_23_1_2.jpg,2
color\red\sub_image_3_23_2_1.jpg,2
color\red\sub_image_3_24_2_0.jpg,2
color\red\sub_image_3_28_0_0.jpg,2
color\red\sub_image_3_29_0_0.jpg,2
color\red\sub_image_3_2_0_2.jpg,2
color\red\sub_image_3_2_1_0.jpg,2
color\red\sub_image_3_2_1_2.jpg,2
color\red\sub_image_3_2_2_1.jpg,2
color\red\sub_image_3_30_0_0.jpg,2
color\red\sub_image_3_31_2_2.jpg,2
color\red\sub_image_3_34_0_2.jpg,2
color\red\sub_image_3_34_1_2.jpg,2
color\red\sub_image_3_34_2_2.jpg,2
color\red\sub_image_3_35_2_0.jpg,2
color\red\sub_image_3_36_0_2.jpg,2
color\red\sub_image_3_36_1_2.jpg,2
color\red\sub_image_3_36_2_2.jpg,2
color\red\sub_image_3_37_1_1.jpg,2
color\red\sub_image_3_38_1_1.jpg,2
color\red\sub_image_3_39_2_1.jpg,2
color\red\sub_image_3_40_2_1.jpg,2
color\red\sub_image_3_43_1_1.jpg,2
color\red\sub_image_3_44_1_1.jpg,2
color\red\sub_image_3_45_2_1.jpg,2
color\red\sub_image_3_46_2_0.jpg,2
color\red\sub_image_3_47_2_1.jpg,2
color\red\sub_image_3_4_0_2.jpg,2
color\red\sub_image_3_4_1_0.jpg,2
color\red\sub_image_3_4_1_2.jpg,2
color\red\sub_image_3_4_2_1.jpg,2
color\red\sub_image_3_50_1_1.jpg,2
color\red\sub_image_3_51_1_1.jpg,2
color\red\sub_image_3_52_1_1.jpg,2
color\red\sub_image_3_53_0_2.jpg,2
color\red\sub_image_3_54_0_2.jpg,2
color\red\sub_image_3_55_2_1.jpg,2
color\red\sub_image_3_57_2_0.jpg,2
color\red\sub_image_3_62_2_0.jpg,2
color\red\sub_image_3_63_2_0.jpg,2
color\red\sub_image_3_64_1_1.jpg,2
color\red\sub_image_3_65_1_1.jpg,2
color\red\sub_image_3_66_0_0.jpg,2
color\red\sub_image_3_66_1_0.jpg,2
color\red\sub_image_3_66_2_1.jpg,2
color\red\sub_image_3_67_0_0.jpg,2
color\red\sub_image_3_67_1_0.jpg,2
color\red\sub_image_3_67_2_1.jpg,2
color\red\sub_image_3_68_0_2.jpg,2
color\red\sub_image_3_68_1_0.jpg,2
color\red\sub_image_3_68_1_2.jpg,2
color\red\sub_image_3_68_2_1.jpg,2
color\red\sub_image_3_71_2_0.jpg,2
color\red\sub_image_3_72_1_1.jpg,2
color\red\sub_image_3_73_0_0.jpg,2
color\red\sub_image_3_73_1_0.jpg,2
color\red\sub_image_3_73_2_1.jpg,2
color\red\sub_image_3_75_2_0.jpg,2
color\red\sub_image_3_76_1_1.jpg,2
color\red\sub_image_3_77_0_0.jpg,2
color\red\sub_image_3_77_0_1.jpg,2
color\red\sub_image_3_77_0_2.jpg,2
color\red\sub_image_3_79_0_2.jpg,2
color\red\sub_image_3_79_1_0.jpg,2
color\red\sub_image_3_79_1_2.jpg,2
color\red\sub_image_3_79_2_1.jpg,2
color\red\sub_image_3_81_1_2.jpg,2
color\red\sub_image_3_82_1_2.jpg,2
color\red\sub_image_3_83_1_1.jpg,2
color\red\sub_image_3_84_0_0.jpg,2
color\red\sub_image_3_84_0_1.jpg,2
color\red\sub_image_3_84_0_2.jpg,2
color\red\sub_image_3_87_1_2.jpg,2
color\red\sub_image_3_88_1_2.jpg,2
color\red\sub_image_3_88_2_0.jpg,2
color\red\sub_image_3_88_2_1.jpg,2
color\red\sub_image_3_89_2_0.jpg,2
color\red\sub_image_3_89_2_1.jpg,2
color\red\sub_image_3_89_2_2.jpg,2
color\red\sub_image_3_90_0_2.jpg,2
color\red\sub_image_3_90_1_0.jpg,2
color\red\sub_image_3_90_1_2.jpg,2
color\red\sub_image_3_90_2_1.jpg,2
color\green\green_0.jpg,3
color\green\green_1.jpg,3
color\green\green_10.jpg,3
color\green\green_105.jpg,3
color\green\green_108.jpg,3
color\green\green_109.jpg,3
color\green\green_11.jpg,3
color\green\green_115.jpg,3
color\green\green_116.jpg,3
color\green\green_120.jpg,3
color\green\green_121.jpg,3
color\green\green_122.jpg,3
color\green\green_125.jpg,3
color\green\green_126.jpg,3
color\green\green_127.jpg,3
color\green\green_128.jpg,3
color\green\green_129.jpg,3
color\green\green_130.jpg,3
color\green\green_131.jpg,3
color\green\green_132.jpg,3
color\green\green_133.jpg,3
color\green\green_134.jpg,3
color\green\green_135.jpg,3
color\green\green_136.jpg,3
color\green\green_137.jpg,3
color\green\green_138.jpg,3
color\green\green_139.jpg,3
color\green\green_140.jpg,3
color\green\green_141.jpg,3
color\green\green_142.jpg,3
color\green\green_145.jpg,3
color\green\green_146.jpg,3
color\green\green_147.jpg,3
color\green\green_148.jpg,3
color\green\green_149.jpg,3
color\green\green_150.jpg,3
color\green\green_151.jpg,3
color\green\green_154.jpg,3
color\green\green_155.jpg,3
color\green\green_156.jpg,3
color\green\green_158.jpg,3
color\green\green_159.jpg,3
color\green\green_16.jpg,3
color\green\green_160.jpg,3
color\green\green_161.jpg,3
color\green\green_162.jpg,3
color\green\green_163.jpg,3
color\green\green_164.jpg,3
color\green\green_165.jpg,3
color\green\green_166.jpg,3
color\green\green_168.jpg,3
color\green\green_17.jpg,3
color\green\green_170.jpg,3
color\green\green_171.jpg,3
color\green\green_172.jpg,3
color\green\green_173.jpg,3
color\green\green_174.jpg,3
color\green\green_175.jpg,3
color\green\green_176.jpg,3
color\green\green_177.jpg,3
color\green\green_178.jpg,3
color\green\green_179.jpg,3
color\green\green_18.jpg,3
color\green\green_181.jpg,3
color\green\green_183.jpg,3
color\green\green_184.jpg,3
color\green\green_185.jpg,3
color\green\green_186.jpg,3
color\green\green_187.jpg,3
color\green\green_188.jpg,3
color\green\green_189.jpg,3
color\green\green_19.jpg,3
color\green\green_190.jpg,3
color\green\green_191.jpg,3
color\green\green_192.jpg,3
color\green\green_193.jpg,3
color\green\green_194.jpg,3
color\green\green_195.jpg,3
color\green\green_196.jpg,3
color\green\green_197.jpg,3
color\green\green_198.jpg,3
color\green\green_199.jpg,3
color\green\green_20.jpg,3
color\green\green_201.jpg,3
color\green\green_202.jpg,3
color\green\green_204.jpg,3
color\green\green_205.jpg,3
color\green\green_206.jpg,3
color\green\green_209.jpg,3
color\green\green_21.jpg,3
color\green\green_210.jpg,3
color\green\green_211.jpg,3
color\green\green_212.jpg,3
color\green\green_213.jpg,3
color\green\green_214.jpg,3
color\green\green_215.jpg,3
color\green\green_216.jpg,3
color\green\green_22.jpg,3
color\green\green_221.jpg,3
color\green\green_222.jpg,3
color\green\green_223.jpg,3
color\green\green_224.jpg,3
color\green\green_225.jpg,3
color\green\green_227.jpg,3
color\green\green_228.jpg,3
color\green\green_229.jpg,3
color\green\green_230.jpg,3
color\green\green_231.jpg,3
color\green\green_232.jpg,3
color\green\green_233.jpg,3
color\green\green_234.jpg,3
color\green\green_235.jpg,3
color\green\green_236.jpg,3
color\green\green_237.jpg,3
color\green\green_238.jpg,3
color\green\green_239.jpg,3
color\green\green_24.jpg,3
color\green\green_240.jpg,3
color\green\green_241.jpg,3
color\green\green_242.jpg,3
color\green\green_244.jpg,3
color\green\green_245.jpg,3
color\green\green_246.jpg,3
color\green\green_247.jpg,3
color\green\green_248.jpg,3
color\green\green_249.jpg,3
color\green\green_25.jpg,3
color\green\green_250.jpg,3
color\green\green_251.jpg,3
color\green\green_252.jpg,3
color\green\green_253.jpg,3
color\green\green_257.jpg,3
color\green\green_258.jpg,3
color\green\green_259.jpg,3
color\green\green_26.jpg,3
color\green\green_260.jpg,3
color\green\green_261.jpg,3
color\green\green_262.jpg,3
color\green\green_263.jpg,3
color\green\green_264.jpg,3
color\green\green_265.jpg,3
color\green\green_267.jpg,3
color\green\green_268.jpg,3
color\green\green_269.jpg,3
color\green\green_27.jpg,3
color\green\green_270.jpg,3
color\green\green_271.jpg,3
color\green\green_272.jpg,3
color\green\green_274.jpg,3
color\green\green_275.jpg,3
color\green\green_276.jpg,3
color\green\green_277.jpg,3
color\green\green_278.jpg,3
color\green\green_28.jpg,3
color\green\green_29.jpg,3
color\green\green_3.jpg,3
color\green\green_30.jpg,3
color\green\green_31.jpg,3
color\green\green_32.jpg,3
color\green\green_33.jpg,3
color\green\green_34.jpg,3
color\green\green_35.jpg,3
color\green\green_38.jpg,3
color\green\green_39.jpg,3
color\green\green_4.jpg,3
color\green\green_41.jpg,3
color\green\green_42.jpg,3
color\green\green_48.jpg,3
color\green\green_49.jpg,3
color\green\green_51.jpg,3
color\green\green_52.jpg,3
color\green\green_53.jpg,3
color\green\green_54.jpg,3
color\green\green_56.jpg,3
color\green\green_60.jpg,3
color\green\green_61.jpg,3
color\green\green_62.jpg,3
color\green\green_63.jpg,3
color\green\green_64.jpg,3
color\green\green_65.jpg,3
color\green\green_67.jpg,3
color\green\green_68.jpg,3
color\green\green_69.jpg,3
color\green\green_7.jpg,3
color\green\green_70.jpg,3
color\green\green_71.jpg,3
color\green\green_72.jpg,3
color\green\green_73.jpg,3
color\green\green_74.jpg,3
color\green\green_75.jpg,3
color\green\green_76.jpg,3
color\green\green_78.jpg,3
color\green\green_8.jpg,3
color\green\green_81.jpg,3
color\green\green_85.jpg,3
color\green\green_86.jpg,3
color\green\green_87.jpg,3
color\green\green_88.jpg,3
color\green\green_89.jpg,3
color\green\green_9.jpg,3
color\green\green_92.jpg,3
color\green\green_98.jpg,3
color\green\sub_image_2_100_0_1.jpg,3
color\green\sub_image_2_100_1_0.jpg,3
color\green\sub_image_2_100_2_0.jpg,3
color\green\sub_image_2_16_0_2.jpg,3
color\green\sub_image_2_30_0_1.jpg,3
color\green\sub_image_2_30_0_2.jpg,3
color\green\sub_image_2_31_1_0.jpg,3
color\green\sub_image_2_32_2_1.jpg,3
color\green\sub_image_2_33_2_0.jpg,3
color\green\sub_image_2_34_2_0.jpg,3
color\green\sub_image_2_34_2_1.jpg,3
color\green\sub_image_2_36_1_2.jpg,3
color\green\sub_image_2_37_2_1.jpg,3
color\green\sub_image_2_38_0_1.jpg,3
color\green\sub_image_2_38_0_2.jpg,3
color\green\sub_image_2_39_0_1.jpg,3
color\green\sub_image_2_39_2_0.jpg,3
color\green\sub_image_2_40_2_0.jpg,3
color\green\sub_image_2_42_1_0.jpg,3
color\green\sub_image_2_42_1_2.jpg,3
color\green\sub_image_2_42_2_0.jpg,3
color\green\sub_image_2_43_2_0.jpg,3
color\green\sub_image_2_43_2_1.jpg,3
color\green\sub_image_2_45_0_2.jpg,3
color\green\sub_image_2_45_1_0.jpg,3
color\green\sub_image_2_45_1_2.jpg,3
color\green\sub_image_2_47_0_0.jpg,3
color\green\sub_image_2_48_0_0.jpg,3
color\green\sub_image_2_48_1_2.jpg,3
color\green\sub_image_2_49_0_0.jpg,3
color\green\sub_image_2_49_1_2.jpg,3
color\green\sub_image_2_50_0_0.jpg,3
color\green\sub_image_2_50_1_2.jpg,3
color\green\sub_image_2_52_0_1.jpg,3
color\green\sub_image_2_52_0_2.jpg,3
color\green\sub_image_2_54_0_2.jpg,3
color\green\sub_image_2_55_0_2.jpg,3
color\green\sub_image_2_55_2_1.jpg,3
color\green\sub_image_2_58_0_0.jpg,3
color\green\sub_image_2_58_0_1.jpg,3
color\green\sub_image_2_58_2_1.jpg,3
color\green\sub_image_2_60_0_2.jpg,3
color\green\sub_image_2_61_0_1.jpg,3
color\green\sub_image_2_61_2_0.jpg,3
color\green\sub_image_2_62_0_1.jpg,3
color\green\sub_image_2_62_1_0.jpg,3
color\green\sub_image_2_62_1_2.jpg,3
color\green\sub_image_2_63_0_2.jpg,3
color\green\sub_image_2_64_0_0.jpg,3
color\green\sub_image_2_65_0_2.jpg,3
color\green\sub_image_2_65_2_1.jpg,3
color\green\sub_image_2_66_2_0.jpg,3
color\green\sub_image_2_67_0_1.jpg,3
color\green\sub_image_2_67_1_0.jpg,3
color\green\sub_image_2_67_2_1.jpg,3
color\green\sub_image_2_69_2_2.jpg,3
color\green\sub_image_2_70_2_0.jpg,3
color\green\sub_image_2_71_0_2.jpg,3
color\green\sub_image_2_72_0_1.jpg,3
color\green\sub_image_2_72_2_0.jpg,3
color\green\sub_image_2_73_0_1.jpg,3
color\green\sub_image_2_73_1_0.jpg,3
color\green\sub_image_2_73_1_2.jpg,3
color\green\sub_image_2_74_2_0.jpg,3
color\green\sub_image_2_76_0_2.jpg,3
color\green\sub_image_2_76_2_1.jpg,3
color\green\sub_image_2_77_2_0.jpg,3
color\green\sub_image_2_78_0_2.jpg,3
color\green\sub_image_2_81_1_0.jpg,3
color\green\sub_image_2_81_2_2.jpg,3
color\green\sub_image_2_82_0_2.jpg,3
color\green\sub_image_2_83_2_2.jpg,3
color\green\sub_image_2_84_0_1.jpg,3
color\green\sub_image_2_84_1_2.jpg,3
color\green\sub_image_2_84_2_1.jpg,3
color\green\sub_image_2_85_0_0.jpg,3
color\green\sub_image_2_85_1_2.jpg,3
color\green\sub_image_2_87_0_0.jpg,3
color\green\sub_image_2_88_0_1.jpg,3
color\green\sub_image_2_88_1_0.jpg,3
color\green\sub_image_2_88_1_2.jpg,3
color\green\sub_image_2_89_2_0.jpg,3
color\green\sub_image_2_92_0_2.jpg,3
color\green\sub_image_2_92_2_1.jpg,3
color\green\sub_image_2_93_2_0.jpg,3
color\green\sub_image_2_94_0_2.jpg,3
color\green\sub_image_2_97_2_0.jpg,3
color\green\sub_image_2_99_0_1.jpg,3
color\green\sub_image_3_100_0_0.jpg,3
color\green\sub_image_3_13_0_0.jpg,3
color\green\sub_image_3_16_0_0.jpg,3
color\green\sub_image_3_16_0_1.jpg,3
color\green\sub_image_3_16_1_2.jpg,3
color\green\sub_image_3_17_0_0.jpg,3
color\green\sub_image_3_17_0_1.jpg,3
color\green\sub_image_3_17_1_2.jpg,3
color\green\sub_image_3_18_0_0.jpg,3
color\green\sub_image_3_18_0_1.jpg,3
color\green\sub_image_3_18_1_2.jpg,3
color\green\sub_image_3_19_2_0.jpg,3
color\green\sub_image_3_20_2_0.jpg,3
color\green\sub_image_3_21_1_0.jpg,3
color\green\sub_image_3_22_1_0.jpg,3
color\green\sub_image_3_23_1_0.jpg,3
color\green\sub_image_3_24_0_0.jpg,3
color\green\sub_image_3_25_0_0.jpg,3
color\green\sub_image_3_25_1_2.jpg,3
color\green\sub_image_3_25_2_0.jpg,3
color\green\sub_image_3_26_0_0.jpg,3
color\green\sub_image_3_26_1_2.jpg,3
color\green\sub_image_3_26_2_0.jpg,3
color\green\sub_image_3_27_0_0.jpg,3
color\green\sub_image_3_27_1_2.jpg,3
color\green\sub_image_3_27_2_0.jpg,3
color\green\sub_image_3_2_0_1.jpg,3
color\green\sub_image_3_32_0_0.jpg,3
color\green\sub_image_3_32_1_0.jpg,3
color\green\sub_image_3_32_2_1.jpg,3
color\green\sub_image_3_33_0_0.jpg,3
color\green\sub_image_3_33_1_0.jpg,3
color\green\sub_image_3_33_2_1.jpg,3
color\green\sub_image_3_34_0_1.jpg,3
color\green\sub_image_3_34_2_0.jpg,3
color\green\sub_image_3_35_0_0.jpg,3
color\green\sub_image_3_36_0_1.jpg,3
color\green\sub_image_3_36_2_0.jpg,3
color\green\sub_image_3_37_2_0.jpg,3
color\green\sub_image_3_38_2_0.jpg,3
color\green\sub_image_3_39_2_0.jpg,3
color\green\sub_image_3_40_2_0.jpg,3
color\green\sub_image_3_41_0_0.jpg,3
color\green\sub_image_3_41_1_0.jpg,3
color\green\sub_image_3_41_2_1.jpg,3
color\green\sub_image_3_42_0_0.jpg,3
color\green\sub_image_3_42_1_0.jpg,3
color\green\sub_image_3_42_2_1.jpg,3
color\green\sub_image_3_43_2_0.jpg,3
color\green\sub_image_3_44_2_0.jpg,3
color\green\sub_image_3_45_2_0.jpg,3
color\green\sub_image_3_46_0_0.jpg,3
color\green\sub_image_3_47_2_0.jpg,3
color\green\sub_image_3_48_0_0.jpg,3
color\green\sub_image_3_48_1_0.jpg,3
color\green\sub_image_3_48_2_1.jpg,3
color\green\sub_image_3_49_0_0.jpg,3
color\green\sub_image_3_49_1_0.jpg,3
color\green\sub_image_3_49_2_1.jpg,3
color\green\sub_image_3_4_0_1.jpg,3
color\green\sub_image_3_50_0_2.jpg,3
color\green\sub_image_3_51_0_2.jpg,3
color\green\sub_image_3_52_0_2.jpg,3
color\green\sub_image_3_55_2_0.jpg,3
color\green\sub_image_3_56_0_1.jpg,3
color\green\sub_image_3_56_0_2.jpg,3
color\green\sub_image_3_56_1_0.jpg,3
color\green\sub_image_3_57_0_0.jpg,3
color\green\sub_image_3_58_0_1.jpg,3
color\green\sub_image_3_58_0_2.jpg,3
color\green\sub_image_3_58_1_0.jpg,3
color\green\sub_image_3_59_0_1.jpg,3
color\green\sub_image_3_59_0_2.jpg,3
color\green\sub_image_3_59_1_0.jpg,3
color\green\sub_image_3_5_0_0.jpg,3
color\green\sub_image_3_5_0_2.jpg,3
color\green\sub_image_3_5_2_1.jpg,3
color\green\sub_image_3_60_0_1.jpg,3
color\green\sub_image_3_60_0_2.jpg,3
color\green\sub_image_3_60_1_0.jpg,3
color\green\sub_image_3_61_0_1.jpg,3
color\green\sub_image_3_61_0_2.jpg,3
color\green\sub_image_3_61_1_0 - Copy.jpg,3
color\green\sub_image_3_61_1_0.jpg,3
color\green\sub_image_3_64_2_2 - Copy.jpg,3
color\green\sub_image_3_64_2_2.jpg,3
color\green\sub_image_3_65_2_2.jpg,3
color\green\sub_image_3_66_0_1 - Copy.jpg,3
color\green\sub_image_3_66_0_1.jpg,3
color\green\sub_image_3_67_0_1 - Copy.jpg,3
color\green\sub_image_3_67_0_1.jpg,3
color\green\sub_image_3_68_0_1.jpg,3
color\green\sub_image_3_69_0_1.jpg,3
color\green\sub_image_3_69_0_2.jpg,3
color\green\sub_image_3_69_1_0.jpg,3
color\green\sub_image_3_6_0_0.jpg,3
color\green\sub_image_3_6_0_2.jpg,3
color\green\sub_image_3_6_2_1.jpg,3
color\green\sub_image_3_70_0_1.jpg,3
color\green\sub_image_3_70_0_2.jpg,3
color\green\sub_image_3_70_1_0.jpg,3
color\green\sub_image_3_72_2_2.jpg,3
color\green\sub_image_3_73_0_1.jpg,3
color\green\sub_image_3_74_0_1.jpg,3
color\green\sub_image_3_74_0_2.jpg,3
color\green\sub_image_3_74_1_0.jpg,3
color\green\sub_image_3_76_2_2.jpg,3
color\green\sub_image_3_77_1_0.jpg,3
color\green\sub_image_3_77_2_2.jpg,3
color\green\sub_image_3_78_1_2.jpg,3
color\green\sub_image_3_78_2_0.jpg,3
color\green\sub_image_3_78_2_1.jpg,3
color\green\sub_image_3_79_0_1.jpg,3
color\green\sub_image_3_7_0_0.jpg,3
color\green\sub_image_3_7_0_2.jpg,3
color\green\sub_image_3_7_2_1.jpg,3
color\green\sub_image_3_80_1_2.jpg,3
color\green\sub_image_3_80_2_0.jpg,3
color\green\sub_image_3_80_2_1.jpg,3
color\green\sub_image_3_81_2_2.jpg,3
color\green\sub_image_3_82_2_2.jpg,3
color\green\sub_image_3_83_2_2.jpg,3
color\green\sub_image_3_84_1_0.jpg,3
color\green\sub_image_3_84_2_2.jpg,3
color\green\sub_image_3_85_1_2.jpg,3
color\green\sub_image_3_85_2_0.jpg,3
color\green\sub_image_3_85_2_1.jpg,3
color\green\sub_image_3_86_1_2.jpg,3
color\green\sub_image_3_86_2_0.jpg,3
color\green\sub_image_3_86_2_1.jpg,3
color\green\sub_image_3_87_2_2.jpg,3
color\green\sub_image_3_88_1_0.jpg,3
color\green\sub_image_3_89_0_0.jpg,3
color\green\sub_image_3_89_1_2.jpg,3
color\green\sub_image_3_8_0_0.jpg,3
color\green\sub_image_3_8_0_2.jpg,3
color\green\sub_image_3_8_2_1.jpg,3
color\green\sub_image_3_90_0_1.jpg,3
color\green\sub_image_3_91_0_1.jpg,3
color\green\sub_image_3_91_2_0.jpg,3
color\green\sub_image_3_92_0_1.jpg,3
color\green\sub_image_3_92_2_0.jpg,3
color\green\sub_image_3_93_0_1.jpg,3
color\green\sub_image_3_93_2_0.jpg,3
color\green\sub_image_3_94_0_1.jpg,3
color\green\sub_image_3_94_2_0.jpg,3
color\green\sub_image_3_95_2_1.jpg,3
color\green\sub_image_3_96_2_1.jpg,3
color\green\sub_image_3_97_2_1.jpg,3
color\green\sub_image_3_98_0_0.jpg,3
color\green\sub_image_3_99_0_0.jpg,3
color\green\sub_image_3_9_0_0.jpg,3
color\green\sub_image_3_9_0_2.jpg,3
color\green\sub_image_3_9_2_1.jpg,3
color\orange\orange_0.jpg,4
color\orange\orange_1.jpg,4
color\orange\orange_10.jpg,4
color\orange\orange_11.jpg,4
color\orange\orange_12.jpg,4
color\orange\orange_13.jpg,4
color\orange\orange_14.jpg,4
color\orange\orange_15.jpg,4
color\orange\orange_16.jpg,4
color\orange\orange_173.jpg,4
color\orange\orange_174.jpg,4
color\orange\orange_176.jpg,4
color\orange\orange_178.jpg,4
color\orange\orange_179.jpg,4
color\orange\orange_188.jpg,4
color\orange\orange_189.jpg,4
color\orange\orange_19.jpg,4
color\orange\orange_191.jpg,4
color\orange\orange_2.jpg,4
color\orange\orange_21.jpg,4
color\orange\orange_213.jpg,4
color\orange\orange_22.jpg,4
color\orange\orange_24.jpg,4
color\orange\orange_25.jpg,4
color\orange\orange_27.jpg,4
color\orange\orange_28.jpg,4
color\orange\orange_29.jpg,4
color\orange\orange_3.jpg,4
color\orange\orange_31.jpg,4
color\orange\orange_36.jpg,4
color\orange\orange_37.jpg,4
color\orange\orange_40.jpg,4
color\orange\orange_42.jpg,4
color\orange\orange_43.jpg,4
color\orange\orange_44.jpg,4
color\orange\orange_45.jpg,4
color\orange\orange_47.jpg,4
color\orange\orange_48.jpg,4
color\orange\orange_52.jpg,4
color\orange\orange_53.jpg,4
color\orange\orange_6.jpg,4
color\orange\orange_61.jpg,4
color\orange\orange_71.jpg,4
color\orange\orange_72.jpg,4
color\orange\orange_73.jpg,4
color\orange\orange_74.jpg,4
color\orange\orange_8.jpg,4
color\orange\orange_80.jpg,4
color\orange\orange_81.jpg,4
color\orange\orange_82.jpg,4
color\orange\orange_83.jpg,4
color\orange\orange_84.jpg,4
color\orange\orange_85.jpg,4
color\orange\orange_86.jpg,4
color\orange\orange_87.jpg,4
color\orange\orange_89.jpg,4
color\orange\orange_9.jpg,4
color\orange\orange_90.jpg,4
color\orange\sub_image_2_100_1_1.jpg,4
color\orange\sub_image_2_100_2_2.jpg,4
color\orange\sub_image_2_16_0_0.jpg,4
color\orange\sub_image_2_17_1_0.jpg,4
color\orange\sub_image_2_17_1_2.jpg,4
color\orange\sub_image_2_17_2_2.jpg,4
color\orange\sub_image_2_30_2_1.jpg,4
color\orange\sub_image_2_30_2_2.jpg,4
color\orange\sub_image_2_31_0_0.jpg,4
color\orange\sub_image_2_31_2_0.jpg,4
color\orange\sub_image_2_31_2_1.jpg,4
color\orange\sub_image_2_33_0_1.jpg,4
color\orange\sub_image_2_33_0_2.jpg,4
color\orange\sub_image_2_34_0_0.jpg,4
color\orange\sub_image_2_34_0_1.jpg,4
color\orange\sub_image_2_37_1_2.jpg,4
color\orange\sub_image_2_37_2_0.jpg,4
color\orange\sub_image_2_37_2_2.jpg,4
color\orange\sub_image_2_38_1_0.jpg,4
color\orange\sub_image_2_38_2_0.jpg,4
color\orange\sub_image_2_39_1_1.jpg,4
color\orange\sub_image_2_3_0_1.jpg,4
color\orange\sub_image_2_3_1_2.jpg,4
color\orange\sub_image_2_3_2_0.jpg,4
color\orange\sub_image_2_41_0_0.jpg,4
color\orange\sub_image_2_41_0_1.jpg,4
color\orange\sub_image_2_42_0_0.jpg,4
color\orange\sub_image_2_42_2_1.jpg,4
color\orange\sub_image_2_43_0_2.jpg,4
color\orange\sub_image_2_43_1_2.jpg,4
color\orange\sub_image_2_44_0_1.jpg,4
color\orange\sub_image_2_45_0_1.jpg,4
color\orange\sub_image_2_45_2_2.jpg,4
color\orange\sub_image_2_48_1_1.jpg,4
color\orange\sub_image_2_49_1_1.jpg,4
color\orange\sub_image_2_50_1_1.jpg,4
color\orange\sub_image_2_51_0_2.jpg,4
color\orange\sub_image_2_51_2_1.jpg,4
color\orange\sub_image_2_52_1_0.jpg,4
color\orange\sub_image_2_52_2_0.jpg,4
color\orange\sub_image_2_53_2_1.jpg,4
color\orange\sub_image_2_53_2_2.jpg,4
color\orange\sub_image_2_55_1_1.jpg,4
color\orange\sub_image_2_56_1_0.jpg,4
color\orange\sub_image_2_56_2_2.jpg,4
color\orange\sub_image_2_58_0_2.jpg,4
color\orange\sub_image_2_58_1_0.jpg,4
color\orange\sub_image_2_59_0_2.jpg,4
color\orange\sub_image_2_59_1_2.jpg,4
color\orange\sub_image_2_60_0_1.jpg,4
color\orange\sub_image_2_60_2_0.jpg,4
color\orange\sub_image_2_61_1_1.jpg,4
color\orange\sub_image_2_61_2_2.jpg,4
color\orange\sub_image_2_63_0_0.jpg,4
color\orange\sub_image_2_63_1_2.jpg,4
color\orange\sub_image_2_63_2_0.jpg,4
color\orange\sub_image_2_64_2_1.jpg,4
color\orange\sub_image_2_65_0_0.jpg,4
color\orange\sub_image_2_65_1_1.jpg,4
color\orange\sub_image_2_66_0_2.jpg,4
color\orange\sub_image_2_66_2_1.jpg,4
color\orange\sub_image_2_69_0_1.jpg,4
color\orange\sub_image_2_70_0_2.jpg,4
color\orange\sub_image_2_70_1_0.jpg,4
color\orange\sub_image_2_70_2_2.jpg,4
color\orange\sub_image_2_71_0_1.jpg,4
color\orange\sub_image_2_71_2_0.jpg,4
color\orange\sub_image_2_72_1_1.jpg,4
color\orange\sub_image_2_72_2_2.jpg,4
color\orange\sub_image_2_74_1_2.jpg,4
color\orange\sub_image_2_75_2_1.jpg,4
color\orange\sub_image_2_76_0_0.jpg,4
color\orange\sub_image_2_76_1_1.jpg,4
color\orange\sub_image_2_77_0_2.jpg,4
color\orange\sub_image_2_77_2_1.jpg,4
color\orange\sub_image_2_78_0_0.jpg,4
color\orange\sub_image_2_78_1_2.jpg,4
color\orange\sub_image_2_78_2_0.jpg,4
color\orange\sub_image_2_80_1_0.jpg,4
color\orange\sub_image_2_81_0_2.jpg,4
color\orange\sub_image_2_81_1_1.jpg,4
color\orange\sub_image_2_82_1_0.jpg,4
color\orange\sub_image_2_83_0_0.jpg,4
color\orange\sub_image_2_83_0_2.jpg,4
color\orange\sub_image_2_83_2_1.jpg,4
color\orange\sub_image_2_85_1_1.jpg,4
color\orange\sub_image_2_85_2_0.jpg,4
color\orange\sub_image_2_86_1_2.jpg,4
color\orange\sub_image_2_87_1_0.jpg,4
color\orange\sub_image_2_87_2_2.jpg,4
color\orange\sub_image_2_89_1_2.jpg,4
color\orange\sub_image_2_91_2_1.jpg,4
color\orange\sub_image_2_92_0_0.jpg,4
color\orange\sub_image_2_92_1_1.jpg,4
color\orange\sub_image_2_93_0_2.jpg,4
color\orange\sub_image_2_93_2_1.jpg,4
color\orange\sub_image_2_94_0_0.jpg,4
color\orange\sub_image_2_94_1_2.jpg,4
color\orange\sub_image_2_94_2_0.jpg,4
color\orange\sub_image_2_95_0_0.jpg,4
color\orange\sub_image_2_95_1_2.jpg,4
color\orange\sub_image_2_95_2_1.jpg,4
color\orange\sub_image_2_96_0_1.jpg,4
color\orange\sub_image_2_96_1_2.jpg,4
color\orange\sub_image_2_96_2_0.jpg,4
color\orange\sub_image_2_97_1_2.jpg,4
color\orange\sub_image_2_97_2_1.jpg,4
color\orange\sub_image_2_98_0_0.jpg,4
color\orange\sub_image_2_99_2_0.jpg,4
color\orange\sub_image_3_100_2_1.jpg,4
color\orange\sub_image_3_10_0_0.jpg,4
color\orange\sub_image_3_10_1_2.jpg,4
color\orange\sub_image_3_10_2_1.jpg,4
color\orange\sub_image_3_11_0_0.jpg,4
color\orange\sub_image_3_11_1_2.jpg,4
color\orange\sub_image_3_11_2_1.jpg,4
color\orange\sub_image_3_12_0_0.jpg,4
color\orange\sub_image_3_12_1_2.jpg,4
color\orange\sub_image_3_12_2_1.jpg,4
color\orange\sub_image_3_13_1_0.jpg,4
color\orange\sub_image_3_13_2_1.jpg,4
color\orange\sub_image_3_14_0_0.jpg,4
color\orange\sub_image_3_14_1_2.jpg,4
color\orange\sub_image_3_14_2_1.jpg,4
color\orange\sub_image_3_15_0_0.jpg,4
color\orange\sub_image_3_15_1_2.jpg,4
color\orange\sub_image_3_15_2_1.jpg,4
color\orange\sub_image_3_16_1_1.jpg,4
color\orange\sub_image_3_16_2_0.jpg,4
color\orange\sub_image_3_17_1_1.jpg,4
color\orange\sub_image_3_17_2_0.jpg,4
color\orange\sub_image_3_18_1_1.jpg,4
color\orange\sub_image_3_18_2_0.jpg,4
color\orange\sub_image_3_19_1_2.jpg,4
color\orange\sub_image_3_19_2_1.jpg,4
color\orange\sub_image_3_1_0_0.jpg,4
color\orange\sub_image_3_1_1_2.jpg,4
color\orange\sub_image_3_1_2_1.jpg,4
color\orange\sub_image_3_20_1_2.jpg,4
color\orange\sub_image_3_20_2_1.jpg,4
color\orange\sub_image_3_21_2_2.jpg,4
color\orange\sub_image_3_22_2_2.jpg,4
color\orange\sub_image_3_23_2_2.jpg,4
color\orange\sub_image_3_24_1_0.jpg,4
color\orange\sub_image_3_24_2_1.jpg,4
color\orange\sub_image_3_28_0_1.jpg,4
color\orange\sub_image_3_28_1_2.jpg,4
color\orange\sub_image_3_28_2_0.jpg,4
color\orange\sub_image_3_29_0_1.jpg,4
color\orange\sub_image_3_29_1_2.jpg,4
color\orange\sub_image_3_29_2_0.jpg,4
color\orange\sub_image_3_2_2_0.jpg,4
color\orange\sub_image_3_30_0_1.jpg,4
color\orange\sub_image_3_30_1_2.jpg,4
color\orange\sub_image_3_30_2_0.jpg,4
color\orange\sub_image_3_31_0_0.jpg,4
color\orange\sub_image_3_31_1_0.jpg,4
color\orange\sub_image_3_31_1_2.jpg,4
color\orange\sub_image_3_31_2_1.jpg,4
color\orange\sub_image_3_32_1_1.jpg,4
color\orange\sub_image_3_32_2_2.jpg,4
color\orange\sub_image_3_33_1_1.jpg,4
color\orange\sub_image_3_33_2_2.jpg,4
color\orange\sub_image_3_35_1_0.jpg,4
color\orange\sub_image_3_35_2_1.jpg,4
color\orange\sub_image_3_37_1_2.jpg,4
color\orange\sub_image_3_38_1_2.jpg,4
color\orange\sub_image_3_39_0_2.jpg,4
color\orange\sub_image_3_40_0_2.jpg,4
color\orange\sub_image_3_41_1_1.jpg,4
color\orange\sub_image_3_41_2_2.jpg,4
color\orange\sub_image_3_42_1_1.jpg,4
color\orange\sub_image_3_42_2_2.jpg,4
color\orange\sub_image_3_43_1_2.jpg,4
color\orange\sub_image_3_44_1_2.jpg,4
color\orange\sub_image_3_45_0_2.jpg,4
color\orange\sub_image_3_46_1_0.jpg,4
color\orange\sub_image_3_46_2_1.jpg,4
color\orange\sub_image_3_47_0_2.jpg,4
color\orange\sub_image_3_48_1_1.jpg,4
color\orange\sub_image_3_48_2_2.jpg,4
color\orange\sub_image_3_49_1_1.jpg,4
color\orange\sub_image_3_49_2_2.jpg,4
color\orange\sub_image_3_4_2_0.jpg,4
color\orange\sub_image_3_50_1_0.jpg,4
color\orange\sub_image_3_51_1_0.jpg,4
color\orange\sub_image_3_52_1_0.jpg,4
color\orange\sub_image_3_53_0_1.jpg,4
color\orange\sub_image_3_53_1_2.jpg,4
color\orange\sub_image_3_53_2_0.jpg,4
color\orange\sub_image_3_53_2_1.jpg,4
color\orange\sub_image_3_54_0_1.jpg,4
color\orange\sub_image_3_54_1_2.jpg,4
color\orange\sub_image_3_54_2_0.jpg,4
color\orange\sub_image_3_54_2_1.jpg,4
color\orange\sub_image_3_55_0_2.jpg,4
color\orange\sub_image_3_56_1_1.jpg,4
color\orange\sub_image_3_56_2_0.jpg,4
color\orange\sub_image_3_57_1_0.jpg,4
color\orange\sub_image_3_57_2_1.jpg,4
color\orange\sub_image_3_58_1_1.jpg,4
color\orange\sub_image_3_58_2_0.jpg,4
color\orange\sub_image_3_59_1_1.jpg,4
color\orange\sub_image_3_59_2_0.jpg,4
color\orange\sub_image_3_60_1_1.jpg,4
color\orange\sub_image_3_60_2_0.jpg,4
color\orange\sub_image_3_61_1_1.jpg,4
color\orange\sub_image_3_61_2_0.jpg,4
color\orange\sub_image_3_62_0_1.jpg,4
color\orange\sub_image_3_62_0_2.jpg,4
color\orange\sub_image_3_62_1_0.jpg,4
color\orange\sub_image_3_62_2_1.jpg,4
color\orange\sub_image_3_63_0_1.jpg,4
color\orange\sub_image_3_63_0_2.jpg,4
color\orange\sub_image_3_63_1_0.jpg,4
color\orange\sub_image_3_63_2_1.jpg,4
color\orange\sub_image_3_64_0_1.jpg,4
color\orange\sub_image_3_65_0_1.jpg,4
color\orange\sub_image_3_66_0_2.jpg,4
color\orange\sub_image_3_67_0_2.jpg,4
color\orange\sub_image_3_68_2_0.jpg,4
color\orange\sub_image_3_69_1_1.jpg,4
color\orange\sub_image_3_69_2_0.jpg,4
color\orange\sub_image_3_70_1_1.jpg,4
color\orange\sub_image_3_70_2_0.jpg,4
color\orange\sub_image_3_71_0_1.jpg,4
color\orange\sub_image_3_71_0_2.jpg,4
color\orange\sub_image_3_71_1_0.jpg,4
color\orange\sub_image_3_71_2_1.jpg,4
color\orange\sub_image_3_72_0_1.jpg,4
color\orange\sub_image_3_73_0_2.jpg,4
color\orange\sub_image_3_74_1_1.jpg,4
color\orange\sub_image_3_74_2_0.jpg,4
color\orange\sub_image_3_75_0_1.jpg,4
color\orange\sub_image_3_75_0_2.jpg,4
color\orange\sub_image_3_75_1_0.jpg,4
color\orange\sub_image_3_75_2_1.jpg,4
color\orange\sub_image_3_76_0_1.jpg,4
color\orange\sub_image_3_78_0_2.jpg,4
color\orange\sub_image_3_78_1_1.jpg,4
color\orange\sub_image_3_79_2_0.jpg,4
color\orange\sub_image_3_80_0_2.jpg,4
color\orange\sub_image_3_80_1_1.jpg,4
color\orange\sub_image_3_81_0_0.jpg,4
color\orange\sub_image_3_82_0_0.jpg,4
color\orange\sub_image_3_83_0_1.jpg,4
color\orange\sub_image_3_85_0_2.jpg,4
color\orange\sub_image_3_85_1_1.jpg,4
color\orange\sub_image_3_86_0_2.jpg,4
color\orange\sub_image_3_86_1_1.jpg,4
color\orange\sub_image_3_87_0_0.jpg,4
color\orange\sub_image_3_88_0_0.jpg,4
color\orange\sub_image_3_90_2_0.jpg,4
color\orange\sub_image_3_95_2_0.jpg,4
color\orange\sub_image_3_96_2_0.jpg,4
color\orange\sub_image_3_97_2_0.jpg,4
color\orange\sub_image_3_98_2_1.jpg,4
color\orange\sub_image_3_99_2_1.jpg,4
color\white\sub_image_2_100_1_2.jpg,5
color\white\sub_image_2_100_2_1.jpg,5
color\white\sub_image_2_16_1_1.jpg,5
color\white\sub_image_2_16_2_2.jpg,5
color\white\sub_image_2_17_2_1.jpg,5
color\white\sub_image_2_28_0_1.jpg,5
color\white\sub_image_2_28_2_1.jpg,5
color\white\sub_image_2_31_0_1.jpg,5
color\white\sub_image_2_32_0_0.jpg,5
color\white\sub_image_2_32_2_2.jpg,5
color\white\sub_image_2_33_1_1.jpg,5
color\white\sub_image_2_36_0_2.jpg,5
color\white\sub_image_2_36_2_0.jpg,5
color\white\sub_image_2_37_1_0.jpg,5
color\white\sub_image_2_38_0_0.jpg,5
color\white\sub_image_2_38_2_1.jpg,5
color\white\sub_image_2_39_1_0.jpg,5
color\white\sub_image_2_39_2_1.jpg,5
color\white\sub_image_2_39_2_2.jpg,5
color\white\sub_image_2_3_0_2.jpg,5
color\white\sub_image_2_3_1_1.jpg,5
color\white\sub_image_2_3_2_2.jpg,5
color\white\sub_image_2_40_1_1.jpg,5
color\white\sub_image_2_42_0_2.jpg,5
color\white\sub_image_2_43_0_1.jpg,5
color\white\sub_image_2_43_2_2.jpg,5
color\white\sub_image_2_44_0_0.jpg,5
color\white\sub_image_2_44_2_1.jpg,5
color\white\sub_image_2_45_2_0.jpg,5
color\white\sub_image_2_47_1_1.jpg,5
color\white\sub_image_2_48_0_1.jpg,5
color\white\sub_image_2_48_1_0.jpg,5
color\white\sub_image_2_48_2_0.jpg,5
color\white\sub_image_2_49_0_1.jpg,5
color\white\sub_image_2_49_1_0.jpg,5
color\white\sub_image_2_49_2_0.jpg,5
color\white\sub_image_2_50_0_1.jpg,5
color\white\sub_image_2_50_1_0.jpg,5
color\white\sub_image_2_50_2_0.jpg,5
color\white\sub_image_2_51_0_1.jpg,5
color\white\sub_image_2_51_2_2.jpg,5
color\white\sub_image_2_52_0_0.jpg,5
color\white\sub_image_2_52_2_1.jpg,5
color\white\sub_image_2_54_1_1.jpg,5
color\white\sub_image_2_55_0_0.jpg,5
color\white\sub_image_2_55_0_1.jpg,5
color\white\sub_image_2_55_1_2.jpg,5
color\white\sub_image_2_56_1_2.jpg,5
color\white\sub_image_2_56_2_0.jpg,5
color\white\sub_image_2_58_2_2.jpg,5
color\white\sub_image_2_61_1_0.jpg,5
color\white\sub_image_2_61_1_2.jpg,5
color\white\sub_image_2_61_2_1.jpg,5
color\white\sub_image_2_62_2_0.jpg,5
color\white\sub_image_2_64_1_0.jpg,5
color\white\sub_image_2_64_2_0.jpg,5
color\white\sub_image_2_64_2_2.jpg,5
color\white\sub_image_2_65_0_1.jpg,5
color\white\sub_image_2_65_1_0.jpg,5
color\white\sub_image_2_65_1_2.jpg,5
color\white\sub_image_2_67_2_2.jpg,5
color\white\sub_image_2_69_0_0.jpg,5
color\white\sub_image_2_69_0_2.jpg,5
color\white\sub_image_2_69_1_2.jpg,5
color\white\sub_image_2_72_1_0.jpg,5
color\white\sub_image_2_72_1_2.jpg,5
color\white\sub_image_2_72_2_1.jpg,5
color\white\sub_image_2_73_2_0.jpg,5
color\white\sub_image_2_74_0_2.jpg,5
color\white\sub_image_2_74_2_1.jpg,5
color\white\sub_image_2_74_2_2.jpg,5
color\white\sub_image_2_75_1_1.jpg,5
color\white\sub_image_2_75_2_0.jpg,5
color\white\sub_image_2_76_0_1.jpg,5
color\white\sub_image_2_76_1_0.jpg,5
color\white\sub_image_2_76_1_2.jpg,5
color\white\sub_image_2_80_0_0.jpg,5
color\white\sub_image_2_80_1_1.jpg,5
color\white\sub_image_2_81_0_1.jpg,5
color\white\sub_image_2_81_1_2.jpg,5
color\white\sub_image_2_81_2_1.jpg,5
color\white\sub_image_2_82_0_0.jpg,5
color\white\sub_image_2_82_0_1.jpg,5
color\white\sub_image_2_82_2_0.jpg,5
color\white\sub_image_2_84_0_0.jpg,5
color\white\sub_image_2_85_0_1.jpg,5
color\white\sub_image_2_85_1_0.jpg,5
color\white\sub_image_2_85_2_1.jpg,5
color\white\sub_image_2_86_1_1.jpg,5
color\white\sub_image_2_86_2_2.jpg,5
color\white\sub_image_2_88_2_0.jpg,5
color\white\sub_image_2_89_0_2.jpg,5
color\white\sub_image_2_89_2_1.jpg,5
color\white\sub_image_2_89_2_2.jpg,5
color\white\sub_image_2_91_1_1.jpg,5
color\white\sub_image_2_91_2_0.jpg,5
color\white\sub_image_2_92_0_1.jpg,5
color\white\sub_image_2_92_1_0.jpg,5
color\white\sub_image_2_92_1_2.jpg,5
color\white\sub_image_2_95_1_1.jpg,5
color\white\sub_image_2_95_2_0.jpg,5
color\white\sub_image_2_95_2_2.jpg,5
color\white\sub_image_2_96_0_2.jpg,5
color\white\sub_image_2_96_1_1.jpg,5
color\white\sub_image_2_96_2_2.jpg,5
color\white\sub_image_2_99_0_0.jpg,5
color\white\sub_image_2_99_2_2.jpg,5
color\white\sub_image_3_100_1_2.jpg,5
color\white\sub_image_3_100_2_2.jpg,5
color\white\sub_image_3_10_1_1.jpg,5
color\white\sub_image_3_10_2_0.jpg,5
color\white\sub_image_3_10_2_2.jpg,5
color\white\sub_image_3_11_1_1.jpg,5
color\white\sub_image_3_11_2_0.jpg,5
color\white\sub_image_3_11_2_2.jpg,5
color\white\sub_image_3_12_1_1.jpg,5
color\white\sub_image_3_12_2_0.jpg,5
color\white\sub_image_3_12_2_2.jpg,5
color\white\sub_image_3_14_1_1.jpg,5
color\white\sub_image_3_14_2_0.jpg,5
color\white\sub_image_3_14_2_2.jpg,5
color\white\sub_image_3_15_1_1.jpg,5
color\white\sub_image_3_15_2_0.jpg,5
color\white\sub_image_3_15_2_2.jpg,5
color\white\sub_image_3_16_1_0.jpg,5
color\white\sub_image_3_16_2_1.jpg,5
color\white\sub_image_3_17_1_0.jpg,5
color\white\sub_image_3_17_2_1.jpg,5
color\white\sub_image_3_18_1_0.jpg,5
color\white\sub_image_3_18_2_1.jpg,5
color\white\sub_image_3_1_1_1.jpg,5
color\white\sub_image_3_1_2_0.jpg,5
color\white\sub_image_3_1_2_2.jpg,5
color\white\sub_image_3_21_0_2.jpg,5
color\white\sub_image_3_21_2_0.jpg,5
color\white\sub_image_3_22_0_2.jpg,5
color\white\sub_image_3_22_2_0.jpg,5
color\white\sub_image_3_23_0_2.jpg,5
color\white\sub_image_3_23_2_0.jpg,5
color\white\sub_image_3_25_0_1.jpg,5
color\white\sub_image_3_25_2_1.jpg,5
color\white\sub_image_3_26_0_1.jpg,5
color\white\sub_image_3_26_2_1.jpg,5
color\white\sub_image_3_27_0_1.jpg,5
color\white\sub_image_3_27_2_1.jpg,5
color\white\sub_image_3_28_0_2.jpg,5
color\white\sub_image_3_28_1_1.jpg,5
color\white\sub_image_3_28_2_2.jpg,5
color\white\sub_image_3_29_0_2.jpg,5
color\white\sub_image_3_29_1_1.jpg,5
color\white\sub_image_3_29_2_2.jpg,5
color\white\sub_image_3_2_0_0.jpg,5
color\white\sub_image_3_2_2_2.jpg,5
color\white\sub_image_3_30_0_2.jpg,5
color\white\sub_image_3_30_1_1.jpg,5
color\white\sub_image_3_30_2_2.jpg,5
color\white\sub_image_3_31_2_0.jpg,5
color\white\sub_image_3_34_0_0.jpg,5
color\white\sub_image_3_34_1_1.jpg,5
color\white\sub_image_3_34_2_1.jpg,5
color\white\sub_image_3_36_0_0.jpg,5
color\white\sub_image_3_36_1_1.jpg,5
color\white\sub_image_3_36_2_1.jpg,5
color\white\sub_image_3_37_0_1.jpg,5
color\white\sub_image_3_37_0_2.jpg,5
color\white\sub_image_3_38_0_1.jpg,5
color\white\sub_image_3_38_0_2.jpg,5
color\white\sub_image_3_39_1_0.jpg,5
color\white\sub_image_3_39_1_2.jpg,5
color\white\sub_image_3_3_2_2.jpg,5
color\white\sub_image_3_40_1_0.jpg,5
color\white\sub_image_3_40_1_2.jpg,5
color\white\sub_image_3_43_0_1.jpg,5
color\white\sub_image_3_43_0_2.jpg,5
color\white\sub_image_3_44_0_1.jpg,5
color\white\sub_image_3_44_0_2.jpg,5
color\white\sub_image_3_45_1_0.jpg,5
color\white\sub_image_3_45_1_2.jpg,5
color\white\sub_image_3_47_1_0.jpg,5
color\white\sub_image_3_47_1_2.jpg,5
color\white\sub_image_3_4_0_0.jpg,5
color\white\sub_image_3_4_2_2.jpg,5
color\white\sub_image_3_50_2_0.jpg,5
color\white\sub_image_3_50_2_1.jpg,5
color\white\sub_image_3_51_2_0.jpg,5
color\white\sub_image_3_51_2_1.jpg,5
color\white\sub_image_3_52_2_0.jpg,5
color\white\sub_image_3_52_2_1.jpg,5
color\white\sub_image_3_53_2_2.jpg,5
color\white\sub_image_3_54_2_2.jpg,5
color\white\sub_image_3_55_1_0.jpg,5
color\white\sub_image_3_55_1_2.jpg,5
color\white\sub_image_3_5_1_0.jpg,5
color\white\sub_image_3_5_1_2.jpg,5
color\white\sub_image_3_62_0_0.jpg,5
color\white\sub_image_3_63_0_0.jpg,5
color\white\sub_image_3_64_0_0.jpg,5
color\white\sub_image_3_64_1_0.jpg,5
color\white\sub_image_3_65_0_0.jpg,5
color\white\sub_image_3_65_1_0.jpg,5
color\white\sub_image_3_66_2_0.jpg,5
color\white\sub_image_3_67_2_0.jpg,5
color\white\sub_image_3_68_0_0.jpg,5
color\white\sub_image_3_68_2_2.jpg,5
color\white\sub_image_3_6_1_0.jpg,5
color\white\sub_image_3_6_1_2.jpg,5
color\white\sub_image_3_71_0_0.jpg,5
color\white\sub_image_3_72_0_0.jpg,5
color\white\sub_image_3_72_1_0.jpg,5
color\white\sub_image_3_73_2_0.jpg,5
color\white\sub_image_3_75_0_0.jpg,5
color\white\sub_image_3_76_0_0.jpg,5
color\white\sub_image_3_76_1_0.jpg,5
color\white\sub_image_3_77_1_1.jpg,5
color\white\sub_image_3_77_1_2.jpg,5
color\white\sub_image_3_77_2_0.jpg,5
color\white\sub_image_3_79_0_0.jpg,5
color\white\sub_image_3_79_2_2.jpg,5
color\white\sub_image_3_7_1_0.jpg,5
color\white\sub_image_3_7_1_2.jpg,5
color\white\sub_image_3_81_0_1.jpg,5
color\white\sub_image_3_81_2_1.jpg,5
color\white\sub_image_3_82_0_1.jpg,5
color\white\sub_image_3_82_2_1.jpg,5
color\white\sub_image_3_83_0_0.jpg,5
color\white\sub_image_3_83_1_0.jpg,5
color\white\sub_image_3_84_1_1.jpg,5
color\white\sub_image_3_84_1_2.jpg,5
color\white\sub_image_3_84_2_0.jpg,5
color\white\sub_image_3_87_0_1.jpg,5
color\white\sub_image_3_87_2_1.jpg,5
color\white\sub_image_3_88_2_2.jpg,5
color\white\sub_image_3_89_0_2.jpg,5
color\white\sub_image_3_89_1_0.jpg,5
color\white\sub_image_3_89_1_1.jpg,5
color\white\sub_image_3_8_1_0.jpg,5
color\white\sub_image_3_8_1_2.jpg,5
color\white\sub_image_3_90_0_0.jpg,5
color\white\sub_image_3_90_2_2.jpg,5
color\white\sub_image_3_91_0_0.jpg,5
color\white\sub_image_3_91_1_1.jpg,5
color\white\sub_image_3_91_2_1.jpg,5
color\white\sub_image_3_92_0_0.jpg,5
color\white\sub_image_3_92_1_1.jpg,5
color\white\sub_image_3_92_2_1.jpg,5
color\white\sub_image_3_93_0_0.jpg,5
color\white\sub_image_3_93_1_1.jpg,5
color\white\sub_image_3_93_2_1.jpg,5
color\white\sub_image_3_94_0_0.jpg,5
color\white\sub_image_3_94_1_1.jpg,5
color\white\sub_image_3_94_2_1.jpg,5
color\white\sub_image_3_95_0_2.jpg,5
color\white\sub_image_3_96_0_2.jpg,5
color\white\sub_image_3_97_0_2.jpg,5
color\white\sub_image_3_98_1_2.jpg,5
color\white\sub_image_3_98_2_2.jpg,5
color\white\sub_image_3_99_1_2.jpg,5
color\white\sub_image_3_99_2_2.jpg,5
color\white\sub_image_3_9_1_0.jpg,5
color\white\sub_image_3_9_1_2.jpg,5
color\white\white_0.jpg,5
color\white\white_1.jpg,5
color\white\white_10.jpg,5
color\white\white_100.jpg,5
color\white\white_101.jpg,5
color\white\white_102.jpg,5
color\white\white_103.jpg,5
color\white\white_104.jpg,5
color\white\white_105.jpg,5
color\white\white_106.jpg,5
color\white\white_107.jpg,5
color\white\white_108.jpg,5
color\white\white_109.jpg,5
color\white\white_11.jpg,5
color\white\white_110.jpg,5
color\white\white_113.jpg,5
color\white\white_114.jpg,5
color\white\white_115.jpg,5
color\white\white_116.jpg,5
color\white\white_117.jpg,5
color\white\white_118.jpg,5
color\white\white_12.jpg,5
color\white\white_120.jpg,5
color\white\white_122.jpg,5
color\white\white_123.jpg,5
color\white\white_124.jpg,5
color\white\white_13.jpg,5
color\white\white_132.jpg,5
color\white\white_133.jpg,5
color\white\white_134.jpg,5
color\white\white_135.jpg,5
color\white\white_136.jpg,5
color\white\white_137.jpg,5
color\white\white_138.jpg,5
color\white\white_139.jpg,5
color\white\white_14.jpg,5
color\white\white_140.jpg,5
color\white\white_141.jpg,5
color\white\white_142.jpg,5
color\white\white_143.jpg,5
color\white\white_144.jpg,5
color\white\white_145.jpg,5
color\white\white_146.jpg,5
color\white\white_147.jpg,5
color\white\white_148.jpg,5
color\white\white_149.jpg,5
color\white\white_159.jpg,5
color\white\white_16.jpg,5
color\white\white_160.jpg,5
color\white\white_161.jpg,5
color\white\white_162.jpg,5
color\white\white_163.jpg,5
color\white\white_166.jpg,5
color\white\white_168.jpg,5
color\white\white_169.jpg,5
color\white\white_17.jpg,5
color\white\white_170.jpg,5
color\white\white_178.jpg,5
color\white\white_179.jpg,5
color\white\white_18.jpg,5
color\white\white_180.jpg,5
color\white\white_181.jpg,5
color\white\white_182.jpg,5
color\white\white_183.jpg,5
color\white\white_184.jpg,5
color\white\white_185.jpg,5
color\white\white_186.jpg,5
color\white\white_187.jpg,5
color\white\white_188.jpg,5
color\white\white_189.jpg,5
color\white\white_19.jpg,5
color\white\white_190.jpg,5
color\white\white_191.jpg,5
color\white\white_192.jpg,5
color\white\white_193.jpg,5
color\white\white_194.jpg,5
color\white\white_195.jpg,5
color\white\white_196.jpg,5
color\white\white_197.jpg,5
color\white\white_198.jpg,5
color\white\white_199.jpg,5
color\white\white_2.jpg,5
color\white\white_20.jpg,5
color\white\white_200.jpg,5
color\white\white_201.jpg,5
color\white\white_202.jpg,5
color\white\white_203.jpg,5
color\white\white_204.jpg,5
color\white\white_205.jpg,5
color\white\white_206.jpg,5
color\white\white_207.jpg,5
color\white\white_208.jpg,5
color\white\white_209.jpg,5
color\white\white_21.jpg,5
color\white\white_210.jpg,5
color\white\white_211.jpg,5
color\white\white_212.jpg,5
color\white\white_213.jpg,5
color\white\white_214.jpg,5
color\white\white_215.jpg,5
color\white\white_216.jpg,5
color\white\white_217.jpg,5
color\white\white_218.jpg,5
color\white\white_219.jpg,5
color\white\white_22.jpg,5
color\white\white_220.jpg,5
color\white\white_221.jpg,5
color\white\white_222.jpg,5
color\white\white_223.jpg,5
color\white\white_224.jpg,5
color\white\white_225.jpg,5
color\white\white_226.jpg,5
color\white\white_227.jpg,5
color\white\white_228.jpg,5
color\white\white_229.jpg,5
color\white\white_23.jpg,5
color\white\white_230.jpg,5
color\white\white_231.jpg,5
color\white\white_232.jpg,5
color\white\white_233.jpg,5
color\white\white_234.jpg,5
color\white\white_235.jpg,5
color\white\white_236.jpg,5
color\white\white_237.jpg,5
color\white\white_238.jpg,5
color\white\white_239.jpg,5
color\white\white_24.jpg,5
color\white\white_240.jpg,5
color\white\white_241.jpg,5
color\white\white_242.jpg,5
color\white\white_243.jpg,5
color\white\white_244.jpg,5
color\white\white_245.jpg,5
color\white\white_246.jpg,5
color\white\white_247.jpg,5
color\white\white_248.jpg,5
color\white\white_249.jpg,5
color\white\white_25.jpg,5
color\white\white_250.jpg,5
color\white\white_251.jpg,5
color\white\white_252.jpg,5
color\white\white_253.jpg,5
color\white\white_254.jpg,5
color\white\white_255.jpg,5
color\white\white_256.jpg,5
color\white\white_257.jpg,5
color\white\white_258.jpg,5
color\white\white_259.jpg,5
color\white\white_26.jpg,5
color\white\white_260.jpg,5
color\white\white_261.jpg,5
color\white\white_262.jpg,5
color\white\white_263.jpg,5
color\white\white_264.jpg,5
color\white\white_265.jpg,5
color\white\white_266.jpg,5
color\white\white_267.jpg,5
color\white\white_268.jpg,5
color\white\white_269.jpg,5
color\white\white_27.jpg,5
color\white\white_270.jpg,5
color\white\white_271.jpg,5
color\white\white_272.jpg,5
color\white\white_273.jpg,5
color\white\white_274.jpg,5
color\white\white_275.jpg,5
color\white\white_276.jpg,5
color\white\white_277.jpg,5
color\white\white_278.jpg,5
color\white\white_279.jpg,5
color\white\white_28.jpg,5
color\white\white_280.jpg,5
color\white\white_281.jpg,5
color\white\white_282.jpg,5
color\white\white_283.jpg,5
color\white\white_284.jpg,5
color\white\white_285.jpg,5
color\white\white_286.jpg,5
color\white\white_287.jpg,5
color\white\white_288.jpg,5
color\white\white_289.jpg,5
color\white\white_29.jpg,5
color\white\white_290.jpg,5
color\white\white_291.jpg,5
color\white\white_292.jpg,5
color\white\white_293.jpg,5
color\white\white_294.jpg,5
color\white\white_295.jpg,5
color\white\white_296.jpg,5
color\white\white_297.jpg,5
color\white\white_298.jpg,5
color\white\white_299.jpg,5
color\white\white_3.jpg,5
color\white\white_30.jpg,5
color\white\white_300.jpg,5
color\white\white_301.jpg,5
color\white\white_302.jpg,5
color\white\white_303.jpg,5
color\white\white_304.jpg,5
color\white\white_305.jpg,5
color\white\white_306.jpg,5
color\white\white_307.jpg,5
color\white\white_308.jpg,5
color\white\white_309.jpg,5
color\white\white_31.jpg,5
color\white\white_310.jpg,5
color\white\white_311.jpg,5
color\white\white_312.jpg,5
color\white\white_313.jpg,5
color\white\white_314.jpg,5
color\white\white_315.jpg,5
color\white\white_316.jpg,5
color\white\white_317.jpg,5
color\white\white_318.jpg,5
color\white\white_319.jpg,5
color\white\white_32.jpg,5
color\white\white_320.jpg,5
color\white\white_321.jpg,5
color\white\white_322.jpg,5
color\white\white_323.jpg,5
color\white\white_324.jpg,5
color\white\white_325.jpg,5
color\white\white_326.jpg,5
color\white\white_327.jpg,5
color\white\white_328.jpg,5
color\white\white_329.jpg,5
color\white\white_33.jpg,5
color\white\white_330.jpg,5
color\white\white_331.jpg,5
color\white\white_332.jpg,5
color\white\white_333.jpg,5
color\white\white_334.jpg,5
color\white\white_335.jpg,5
color\white\white_336.jpg,5
color\white\white_337.jpg,5
color\white\white_338.jpg,5
color\white\white_339.jpg,5
color\white\white_34.jpg,5
color\white\white_341.jpg,5
color\white\white_342.jpg,5
color\white\white_343.jpg,5
color\white\white_344.jpg,5
color\white\white_345.jpg,5
color\white\white_346.jpg,5
color\white\white_347.jpg,5
color\white\white_348.jpg,5
color\white\white_349.jpg,5
color\white\white_35.jpg,5
color\white\white_350.jpg,5
color\white\white_351.jpg,5
color\white\white_352.jpg,5
color\white\white_353.jpg,5
color\white\white_354.jpg,5
color\white\white_356.jpg,5
color\white\white_357.jpg,5
color\white\white_358.jpg,5
color\white\white_36.jpg,5
color\white\white_361.jpg,5
color\white\white_362.jpg,5
color\white\white_363.jpg,5
color\white\white_364.jpg,5
color\white\white_365.jpg,5
color\white\white_366.jpg,5
color\white\white_367.jpg,5
color\white\white_368.jpg,5
color\white\white_369.jpg,5
color\white\white_37.jpg,5
color\white\white_370.jpg,5
color\white\white_371.jpg,5
color\white\white_372.jpg,5
color\white\white_373.jpg,5
color\white\white_374.jpg,5
color\white\white_375.jpg,5
color\white\white_376.jpg,5
color\white\white_377.jpg,5
color\white\white_378.jpg,5
color\white\white_379.jpg,5
color\white\white_38.jpg,5
color\white\white_380.jpg,5
color\white\white_381.jpg,5
color\white\white_382.jpg,5
color\white\white_383.jpg,5
color\white\white_384.jpg,5
color\white\white_385.jpg,5
color\white\white_386.jpg,5
color\white\white_387.jpg,5
color\white\white_388.jpg,5
color\white\white_389.jpg,5
color\white\white_39.jpg,5
color\white\white_390.jpg,5
color\white\white_391.jpg,5
color\white\white_392.jpg,5
color\white\white_393.jpg,5
color\white\white_394.jpg,5
color\white\white_395.jpg,5
color\white\white_396.jpg,5
color\white\white_40.jpg,5
color\white\white_41.jpg,5
color\white\white_42.jpg,5
color\white\white_43.jpg,5
color\white\white_44.jpg,5
color\white\white_45.jpg,5
color\white\white_46.jpg,5
color\white\white_47.jpg,5
color\white\white_48.jpg,5
color\white\white_49.jpg,5
color\white\white_50.jpg,5
color\white\white_51.jpg,5
color\white\white_52.jpg,5
color\white\white_53.jpg,5
color\white\white_54.jpg,5
color\white\white_55.jpg,5
color\white\white_56.jpg,5
color\white\white_57.jpg,5
color\white\white_58.jpg,5
color\white\white_59.jpg,5
color\white\white_6.jpg,5
color\white\white_60.jpg,5
color\white\white_61.jpg,5
color\white\white_62.jpg,5
color\white\white_63.jpg,5
color\white\white_64.jpg,5
color\white\white_65.jpg,5
color\white\white_66.jpg,5
color\white\white_67.jpg,5
color\white\white_68.jpg,5
color\white\white_69.jpg,5
color\white\white_7.jpg,5
color\white\white_70.jpg,5
color\white\white_71.jpg,5
color\white\white_72.jpg,5
color\white\white_73.jpg,5
color\white\white_74.jpg,5
color\white\white_75.jpg,5
color\white\white_76.jpg,5
color\white\white_77.jpg,5
color\white\white_78.jpg,5
color\white\white_79.jpg,5
color\white\white_80.jpg,5
color\white\white_81.jpg,5
color\white\white_82.jpg,5
color\white\white_83.jpg,5
color\white\white_84.jpg,5
color\white\white_85.jpg,5
color\white\white_86.jpg,5
color\white\white_87.jpg,5
color\white\white_88.jpg,5
color\white\white_89.jpg,5
color\white\white_90.jpg,5
color\white\white_91.jpg,5
color\white\white_92.jpg,5
color\white\white_93.jpg,5
color\white\white_94.jpg,5
color\white\white_95.jpg,5
color\white\white_96.jpg,5
color\white\white_97.jpg,5
color\white\white_98.jpg,5
color\white\white_99.jpg,5
